YAL001C,
YAL002W,
YAL003W,
YAL004W,
YAL005C,
YAL007C,
YAL008W,
YAL009W,
YAL010C,
YAL011W,GTAATCAGAAGCTCGCAC
YAL012W,TAGACACGGTCGAATTTC
YAL013W,
YAL014C,
YAL015C,
YAL016W,
YAL017W,
YAL018C,
YAL019W,
YAL020C,
YAL021C,
YAL022C,
YAL023C,
YAL024C,
YAL025C,
YAL026C,
YAL027W,CGTGTCAGCAACCTACCAA
YAL028W,TCTGCTCAAATACACCAA
YAL029C,
YAL030W,
YAL031C,
YAL032C,
YAL033W,
YAL034C,
YAL034W-A,
YAL035C-A,
YAL035W,
YAL036C,
YAL037W,
YAL038W,
YAL039C,
YAL040C,
YAL041W,TATGGACTGGTATCACCGTG
YAL042W,
YAL043C,
YAL043C-A,
YAL044C,
YAL045C,
YAL046C,
YAL047C,GTCCGAGTTAGATCACCTT
YAL048C,
YAL049C,
YAL051W,
YAL053W,TAGAGCAGACGCATTGACA
YAL054C,GCTACAAACATAAGTGCGGG
YAL055W,
YAL056W,
YAL058C-A,CAGCTAGTATCAGCGACCTC
YAL058W,CAAAGATACCATAGGCGTC
YAL059W,
YAL060W,
YAL061W,
YAL062W,
YAL064C-A,
YAL065C,
YAL066W,
YAL067C,TAGCATTCGCGAATGTGTCC
YAL068C,
YAR002C-A,CATGTAGGCTAATCGGATA
YAR002W,
YAR003W,
YAR007C,
YAR008W,
YAR014C,
YAR015W,
YAR018C,
YAR019C,
YAR020C,
YAR023C,
YAR027W,
YAR028W,
YAR029W,
YAR030C,
YAR031W,
YAR035W,
YAR037W,
YAR040C,
YAR042W,
YAR043C,
YAR044W,
YAR047C,
YAR050W,TAATCTTGGCGACGGGA
YBL001C,
YBL002W,
YBL003C,TTTGTGCGAAGCCGCTCC
YBL004W,
YBL005W,
YBL006C,
YBL007C,
YBL008W,
YBL009W,
YBL010C,
YBL011W,
YBL012C,ATACCCACGGAAGTTACAGC
YBL013W,
YBL014C,
YBL015W,
YBL016W,ATAATGCCGGTCAACGGAG
YBL017C,AACTACTATGAAGCGGGAGT
YBL018C,
YBL019W,
YBL020W,
YBL021C,
YBL022C,
YBL023C,
YBL024W,
YBL025W,
YBL026W,
YBL027W,ATAGACACCGGAATGACGC
YBL028C,
YBL029W,
YBL030C,ATTGTAGTGAACCGCCCGC
YBL031W,
YBL032W,
YBL033C,
YBL034C,
YBL035C,
YBL036C,
YBL037W,
YBL038W,GTAGACTGAACTCCGCGC
YBL039C,
YBL040C,
YBL041W,
YBL042C,
YBL043W,
YBL044W,
YBL045C,
YBL046W,
YBL047C,GCGAATAGTGTTCAAGGC
YBL048W,
YBL049W,
YBL050W,
YBL051C,
YBL052C,
YBL053W,
YBL054W,
YBL055C,
YBL056W,
YBL057C,
YBL058W,ACGAATACCGTAACATGCGGC
YBL059W,
YBL060W,
YBL061C,
YBL062W,
YBL063W,
YBL064C,
YBL065W,TATACTTGAAGGCGTGGC
YBL066C,
YBL067C,
YBL068W,
YBL069W,
YBL070C,
YBL071C,
YBL072C,
YBL073W,
YBL074C,
YBL075C,AGTTTAGGAACCTATGC
YBL076C,
YBL077W,
YBL078C,
YBL079W,
YBL080C,AGAACGAAGCGGCTCAATC
YBL081W,
YBL082C,
YBL083C,
YBL084C,AATATGGGCTAACCCTCATA
YBL085W,
YBL086C,
YBL087C,
YBL088C,AAGCAGTGGGACGTCTTATC
YBL089W,
YBL090W,
YBL091C,
YBL091C-A,
YBL092W,
YBL093C,GCTCGGGAAGGGCTACTC
YBL094C,
YBL095W,TAATGGGAGCCACCCTCTAG
YBL096C,
YBL097W,
YBL098W,
YBL099W,GTGCGCCTAATCGCGTAG
YBL100C,
YBL101C,
YBL102W,
YBL103C,
YBL104C,
YBL105C,
YBL106C,
YBL107C,
YBR001C,
YBR002C,
YBR003W,
YBR004C,
YBR005W,
YBR006W,TCTACCTCGCTTGAATGACG
YBR007C,
YBR008C,
YBR009C,
YBR010W,AGGCAGATACGATTAGTCG
YBR011C,
YBR012C,
YBR013C,
YBR014C,AGACTATCTTAATGACCCG
YBR015C,ATATCTGTTGAGCGGCCCG
YBR016W,
YBR017C,
YBR018C,
YBR019C,
YBR020W,TCCCTACGGCATTGGTG
YBR020W,
YBR021W,
YBR022W,
YBR023C,
YBR024W,ATAGATGACTACCGCGTCG
YBR025C,
YBR026C,
YBR027C,
YBR028C,
YBR029C,
YBR030W,
YBR031W,
YBR032W,
YBR033W,ACAGTATGGACAGTTCCGTG
YBR034C,
YBR035C,GAGTGTCTAAGTCTCGCG
YBR036C,
YBR037C,
YBR038W,
YBR039W,AATCACTACTAGGAGGGCG
YBR040W,
YBR041W,AATTCGCTCTAAGTTGGGCG
YBR042C,
YBR043C,
YBR044C,
YBR045C,
YBR046C,
YBR047W,AATACGATGGGATTTGCG
YBR048W,
YBR049C,
YBR050C,
YBR051W,
YBR052C,
YBR053C,
YBR054W,AGACTCTCTTAATGGCTCG
YBR055C,
YBR056W,
YBR057C,ATCTCGGAGCCTAGGTCG
YBR058C,
YBR059C,ACGTGACGAGCACTTTGT
YBR060C,
YBR061C,
YBR062C,
YBR063C,
YBR064W,
YBR065C,
YBR066C,
YBR067C,
YBR068C,
YBR069C,
YBR070C,
YBR071W,
YBR072W,
YBR073W,
YBR074W,
YBR075W,
YBR075W,
YBR076W,
YBR077C,
YBR078W,
YBR079C,
YBR080C,TATCGTCGCCAGGGCTTG
YBR081C,
YBR082C,
YBR083W,
YBR084C-A,
YBR084W,
YBR085W,
YBR086C,
YBR087W,
YBR088C,
YBR089W,
YBR090C,
YBR090C-A,
YBR091C,
YBR092C,
YBR093C,
YBR094W,AGCCTAGACCTGTTCGCAAT
YBR095C,
YBR096W,
YBR097W,
YBR098W,ATGCTAGACGCCCGCGAAT
YBR099C,
YBR100W,
YBR101C,
YBR102C,
YBR103W,
YBR104W,
YBR105C,
YBR106W,
YBR107C,
YBR108W,ACTTCTGCCATGGGTGACAT
YBR109C,
YBR110W,
YBR111C,
YBR112C,
YBR113W,AATGAACGGTCACCCAGCAT
YBR114W,
YBR115C,
YBR116C,
YBR117C,
YBR118W,AGTAGTACAGCCCGCGTTAT
YBR119W,AGCCTTACCGACTTGTCAT
YBR120C,
YBR121C,
YBR121C,
YBR122C,
YBR123C,CCACGTCGGATCAGAGAT
YBR124W,
YBR125C,
YBR126C,
YBR127C,
YBR128C,
YBR129C,
YBR130C,
YBR131W,TACACCGTCGCATTTCGAT
YBR132C,ACTCTGAGGGATACCGGAT
YBR133C,
YBR134W,
YBR135W,AAGCTCGCATTCGGGAT
YBR136W,
YBR137W,AAGTAGCCTTCCCATTGGAT
YBR138C,
YBR139W,TGTACTCATGTTGGAT
YBR140C,TATGTTCCATCCGGCCTGAT
YBR141C,
YBR142W,
YBR143C,
YBR144C,
YBR145W,
YBR146W,
YBR147W,
YBR148W,
YBR149W,
YBR150C,ACTGGACGACTAGGCTAT
YBR151W,
YBR152W,
YBR153W,
YBR154C,GATTCCAGCTACACCTAT
YBR155W,
YBR156C,
YBR157C,
YBR158W,GCTCAGCGTCCTAGTAT
YBR159W,TCGAACGGCAGCCGTAC
YBR160W,
YBR160W_AS,
YBR161W,
YBR162C,
YBR162W-A,
YBR163W,
YBR164C,AATTCGATGGCATCTTTAT
YBR165W,
YBR166C,
YBR167C,
YBR168W,
YBR169C,
YBR170C,ACTCCGATGTATTGACAT
YBR171W,TGTGCATCCGGGACCACT
YBR172C,
YBR173C,
YBR174C,
YBR175W,
YBR176W,
YBR177C,
YBR178W,
YBR179C,
YBR180W,
YBR181C,
YBR182C,
YBR183W,
YBR184W,
YBR185C,
YBR186W,AATCGGACCTGATATGGCG
YBR187W,
YBR188C,AACTGGTCGCATGTATCGT
YBR189W,
YBR189W,
YBR190W,TACTGCTATTCATCCGTCGT
YBR191W,
YBR191W,
YBR192W,
YBR193C,
YBR194W,
YBR195C,ATATACTTCCTCATCGCGG
YBR196C,
YBR197C,
YBR198C,
YBR199W,
YBR200W,
YBR201W,
YBR202W,
YBR203W,AACTTGCTATGAGGTCTGT
YBR204C,
YBR205W,
YBR206W,ACTACTGGCTTAATGTGG
YBR207W,
YBR208C,
YBR209W,
YBR210W,
YBR211C,
YBR212W,
YBR213W,ATACGCCCTGAGACTGT
YBR214W,
YBR215W,
YBR216C,AACTCGCGGCACTGTCTGT
YBR217W,
YBR218C,
YBR219C,
YBR220C,
YBR221C,
YBR222C,
YBR223C,
YBR224W,ACCACCGTGGTCAGTGTGT
YBR225W,
YBR226C,
YBR227C,ACCTGAGCGGATGTATGT
YBR228W,ATTGTGCTCCCGCGCTTGT
YBR229C,
YBR230C,
YBR231C,ATGGCCGCTTCAGCCTTTT
YBR232C,
YBR233W,
YBR233W-A,
YBR234C,
YBR235W,
YBR236C,
YBR237W,
YBR238C,GAGTCCTTCCACCGATT
YBR239C,
YBR240C,
YBR241C,TCCCTGTATGGAGAGTGATT
YBR242W,AGCGCGTAGTTCGTGATT
YBR243C,
YBR244W,
YBR245C,AGGGCTCTATTCAGCGTAT
YBR246W,AGGCACGCACACTCTTATT
YBR247C,
YBR248C,GCACTTGCTCCAGGACTT
YBR249C,
YBR250W,
YBR251W,
YBR252W,ACGCGCGCTTAGATTACTT
YBR253W,
YBR254C,GTTGCGACTACGCGCCTT
YBR255W,
YBR256C,
YBR257W,
YBR258C,
YBR259W,
YBR260C,
YBR261C,
YBR262C,
YBR263W,
YBR264C,GCTTCGAGTCCGAGGCTT
YBR265W,
YBR266C,
YBR267W,
YBR268W,
YBR269C,TCTATTATCAGGAGGAGG
YBR270C,CATCATGACGCATAGGAGG
YBR271W,TCTATTCAGAGATGGAGG
YBR272C,GATTATCGTACGCTG
YBR273C,
YBR274W,
YBR275C,
YBR276C,
YBR277C,CAATGACGATTGAGGCAAT
YBR278W,
YBR279W,
YBR280C,TCGGCTGCGAGATCACT
YBR281C,
YBR282W,
YBR283C,
YBR284W,
YBR285W,
YBR286W,CATCGTCGTCAGCCTGGT
YBR287W,CTGTCTCTCATGCCTGAT
YBR288C,GATCTCGAAAGCCACGTACG
YBR289W,CGACTGGAAACTCATACA
YBR290W,TCATTGGAAACCACTACA
YBR291C,CTCGATGAAATGACTACA
YBR292C,GACGAACACACCATGTCA
YBR293W,CCGTAGGCAAAGCATGTCA
YBR294W,
YBR295W,
YBR296C,
YBR297W,GAGCTTGACAACTGGTGA
YBR298C,CAGAAGCCCATGTGGTGA
YBR299W,
YBR300C,GAGACCAGACCACCTGTGA
YBR301W,
YCL001W,
YCL001W-A,GCACCTGCAAGATCATTA
YCL002C,GGATACTAAATGGACTCA
YCL003W,
YCL004W,
YCL005W,
YCL006C,
YCL007C,
YCL008C,CCAGTCTTCAAACGTTTCA
YCL009C,
YCL010C,CCGTCGCTACAAGGACACGA
YCL011C,
YCL012W,
YCL013W,
YCL014W,
YCL016C,
YCL017C,
YCL022C,CCTAGCGGTAAAGTGATAGT
YCL023C,
YCL024W,CCCAGGAGTAAATTGCTAGA
YCL025C,
YCL026C,TCCTCTGCTAAGTAGTAGA
YCL026C-A,
YCL027W,
YCL028W,CTGGGCCGAGAATCAACGA
YCL029C,
YCL030C,
YCL031C,TCTCATAGTAAAGTCACGA
YCL032W,
YCL033C,
YCL034W,
YCL035C,
YCL036W,
YCL037C,CCGGACTTAAATGGATCGA
YCL038C,GGTTCTACACACCATAATGA
YCL039W,CCCGTGTCTAAATGATT
YCL040W,
YCL041C,
YCL041C,
YCL042W,
YCL043C,
YCL044C,CATCAGGGACACGTTAGGA
YCL045C,
YCL046W,
YCL047C,
YCL048W,CACGGTGTAAATTCGCGGA
YCL049C,CCCTGTGTAAAGACTCGGA
YCL050C,
YCL051W,
YCL052C,
YCL053C,
YCL054W,
YCL055W,
YCL056C,
YCL057W,TCGCCACTAATAGAATTGGA
YCL058C,CTACCTGGTCGAGATGATGA
YCL059C,
YCL060C,TGCCCGAACGGAAAATATGA
YCL061C,
YCL062W,
YCL063W,
YCL064C,CCGCTAGTTAAGTACGCTGA
YCL069W,
YCL074W,CGCGAGAATAACGTACTTGT
YCL075W,CACATAACGAACTGTTGC
YCL076W,CCGCCGATAGAATTTGTTGT
YCR001W,
YCR002C,
YCR003W,
YCR004C,
YCR005C,
YCR006C,
YCR007C,
YCR008W,
YCR009C,
YCR010C,
YCR011C,CACCGACGCAAGGTTTATA
YCR012W,
YCR012W,
YCR013C,
YCR013C,
YCR014C,
YCR015C,
YCR016W,
YCR017C,CCGGCGTATCAATTTCTCT
YCR019W,
YCR020C,
YCR020C-A,
YCR020W-B,CTTGTGAGAGAACGAGATTA
YCR021C,
YCR022C,
YCR023C,
YCR024C,TAGTGTGCAACTCTGCCC
YCR024C-A,TGACATGGAATGAATCCC
YCR025C,
YCR026C,
YCR027C,CATGATATGAAGTTTCCGC
YCR028C,
YCR028C-A,CTAAGAGGCATGAAGCGC
YCR030C,
YCR031C,TGCCCTGGAAGTGATTGC
YCR032W,
YCR033W,
YCR034W,GATGCACAGGCAGCTTGC
YCR035C,ACTGAGAGCAGATGATAG
YCR036W,GTCATCGTAACCTGATAG
YCR037C,
YCR043C,GTGGATCTAACGTGATAG
YCR044C,
YCR045C,
YCR046C,
YCR047C,
YCR048W,TATGTCATGACGGCCTG
YCR049C,
YCR050C,
YCR051W,
YCR052W,GCCCCCATGTGCCTCAAT
YCR053W,
YCR054C,
YCR057C,
YCR059C,
YCR060W,
YCR061W,
YCR062W,
YCR063W,TACTGAGTGGATCTGGT
YCR064C,
YCR065W,
YCR066W,GCTGATGTCACTCTTGGT
YCR067C,
YCR068W,
YCR069W,
YCR071C,
YCR072C,ACACTTAAACGCTGTTA
YCR073C,CTATGTGCAATCTGTCA
YCR073W-A,
YCR075C,
YCR076C,
YCR077C,
YCR079W,AGTGATCCAATTCTGTGA
YCR081W,TCCATCAGAAGCAGTGTGA
YCR082W,GCACGCCATCAACTAGATAA
YCR083W,
YCR084C,
YCR085W,
YCR086W,
YCR087C-A,
YCR087W,AGAGTCGTGCAATAGCTCC
YCR088W,
YCR089W,CATACATCTGAGTAAGCGC
YCR090C,
YCR091W,
YCR092C,
YCR093W,TAGAGTACGCACAGCGCAT
YCR094W,
YCR095C,
YCR098C,
YCR099C,
YCR100C,
YCR101C,
YCR102C,
YCR102W-A,
YCR105W,
YCR106W,
YCR107W,
YDL001W,
YDL002C,
YDL003W,CCACAGCTACGGAATTAAG
YDL004W,
YDL005C,
YDL006W,
YDL007W,
YDL008W,
YDL009C,
YDL010W,
YDL011C,
YDL012C,
YDL013W,
YDL014W,
YDL015C,
YDL016C,CCTCCTAAGTAATGATTCG
YDL017W,CCAGACGTGGAACTCGC
YDL018C,
YDL019C,CGTAATACTAAGTGAGGC
YDL020C,CCATATTTGCGAAGTCGC
YDL021W,
YDL022W,
YDL023C,CTCATTTTGGAACGTGTGGC
YDL024C,
YDL025C,
YDL026W,TCAGGACACTAAGGTAATGC
YDL027C,CCGATCTGAAGATTTAATGC
YDL028C,
YDL029W,
YDL030W,
YDL031W,
YDL032W,
YDL033C,
YDL034W,TGAGTAATAAGTCCTTGC
YDL035C,
YDL036C,CAGGAGGTAACACTTTGC
YDL037C,
YDL038C,
YDL039C,
YDL040C,
YDL041W,
YDL042C,CCCTGTTTGAACCTTGATC
YDL043C,
YDL044C,
YDL045C,
YDL045W-A,
YDL046W,
YDL047W,
YDL048C,
YDL049C,
YDL050C,
YDL051W,CCTGTAGTGAAGATAGGTC
YDL052C,
YDL053C,
YDL054C,
YDL055C,
YDL056W,
YDL057W,
YDL058W,
YDL059C,
YDL060W,
YDL061C,
YDL062W,
YDL063C,
YDL064W,
YDL065C,CCCTAGAGAGATTCTGAAG
YDL066W,GCTAAGACTGTATTGAAG
YDL067C,CGACTTTATTAGCCGATAAG
YDL068W,
YDL069C,
YDL070W,
YDL071C,
YDL072C,
YDL073W,
YDL074C,
YDL075W,ATTGGACTAATACGTCAG
YDL076C,ACGTTACTAATGTGTCAC
YDL077C,GTGTCTATAAGTGTTCAG
YDL078C,
YDL079C,
YDL080C,
YDL081C,
YDL082W,GTTCATATAATTCCGAG
YDL083C,TAATATAGCGTAAGCGAG
YDL084W,ATACAAGTAAGTTGCGAG
YDL085W,
YDL086W,
YDL087C,CGTAGAGTTAATCAGGAG
YDL088C,
YDL089W,
YDL090C,
YDL091C,CATCGTTTAACACTGGAC
YDL092W,
YDL093W,CCTATGTGAGTAAGATTGAG
YDL094C,
YDL095W,
YDL096C,CCGTGATTGACACTACGTT
YDL097C,CGACCTCTTACAGTGATTT
YDL098C,
YDL099W,
YDL100C,
YDL101C,
YDL102W,
YDL103C,
YDL104C,
YDL105W,
YDL106C,
YDL107W,
YDL108W,GAGGGCACTGTTCTTAAT
YDL109C,
YDL110C,
YDL111C,
YDL112W,
YDL113C,CCGTCATTATCACTGTAGAT
YDL114W,
YDL115C,
YDL116W,
YDL117W,CATACTAGGGATCAGGGAT
YDL118W,
YDL119C,
YDL120W,
YDL121C,
YDL122W,CTGGCGAGATTCGGAATAT
YDL123W,CTGCACTTTGCGTAATAT
YDL124W,
YDL125C,CGACCCGATGTAGAGATAT
YDL126C,CCGACCCTATTAGCTATAT
YDL127W,CTACGTGACGGAGCCTAT
YDL128W,
YDL129W,ATGTGCGGTAAGACGTAT
YDL130W,
YDL130W-A,
YDL131W,
YDL132W,
YDL133C-A,
YDL133W,
YDL134C,
YDL134C-A,CCTAGCTGAGAGGGATTAT
YDL135C,TGCGAGCTAGGGTACTTAT
YDL136W,
YDL137W,
YDL138W,
YDL139C,
YDL140C,CAGGATATTGACTACGACT
YDL141W,
YDL142C,CCCGTCATTCATAGTGACT
YDL143W,GTTAGATTCAGTGTGACT
YDL144C,
YDL145C,AGTGGCAGGATTGTTACT
YDL146W,CTCAGTAGCGGAGATACCT
YDL147W,
YDL148C,
YDL149W,
YDL150W,TACAAAGAGAGGTGTCCT
YDL151C,
YDL152W,TACTAGCGACTGGAGCT
YDL153C,
YDL154W,
YDL155W,
YDL156W,
YDL157C,CCGGCTTTGCAGTATATCT
YDL158C,
YDL159W,CTACACGGGTCAGGAGTCT
YDL160C,
YDL161W,
YDL162C,
YDL163W,
YDL164C,
YDL165W,
YDL166C,
YDL167C,
YDL168W,CTTTCGGACGTATGTGCCGT
YDL169C,
YDL170W,
YDL171C,
YDL172C,
YDL173W,CGATCTACGGACGCTGAGT
YDL174C,CTCGGATTCAGTTCTGT
YDL175C,ACCTCGGCGATGAGTAGT
YDL176W,
YDL177C,
YDL178W,
YDL179W,
YDL180W,
YDL181W,CGATACCGTGACCTAGCGT
YDL182W,
YDL183C,
YDL184C,
YDL185W,CAAGCATACCGGACTGAGGG
YDL186W,TAGGCTGAGATTCTAGGT
YDL187C,
YDL188C,
YDL189W,
YDL190C,
YDL191W,CAATTCCAAATCGTCCAA
YDL192W,GGGCCACGCAAAGATTCTAA
YDL193W,CTCTAAACAACCGGAA
YDL194W,
YDL195W,
YDL196W,
YDL197C,GGCCTTGGACAACACTCAA
YDL198C,
YDL199C,
YDL200C,
YDL201W,
YDL202W,
YDL203C,
YDL204W,
YDL205C,
YDL206W,CCTCACGAAATAGTTGAA
YDL207W,
YDL208W,
YDL209C,
YDL210W,
YDL211C,
YDL212W,
YDL213C,
YDL214C,
YDL215C,
YDL216C,GCCCTGATAACAGGTGTAA
YDL217C,
YDL218W,GCACGAGAAACCTCTTAA
YDL219W,GCCGTAGCCCAAGAGTTAA
YDL220C,GGCGTTCCTAAACATCAAA
YDL221W,GGCCGTCATAACGGAACA
YDL222C,GTACGCGCACAAGGTAACA
YDL223C,
YDL224C,GGCTTTACGAAACTCACA
YDL225W,GGGCACGTAACAATCCACA
YDL226C,
YDL227C,
YDL229W,CCAAGTACAATTTCGACA
YDL230W,GTGCGAACCAACGTCTACA
YDL231C,CCGACTGAAATAGGTACA
YDL232W,
YDL233W,GGGATCCACCACGTTACA
YDL234C,GCCGTACACACAGGTTACA
YDL235C,
YDL236W,GGCGTCAAGACACGTACCA
YDL237W,
YDL238C,CACTTAGAAAATTGCCA
YDL239C,
YDL240W,
YDL241W,
YDL242W,
YDL243C,
YDR001C,
YDR002W,GGCTACCGCAAATAATTCA
YDR003W,GCCCGTATAAATCTTTCCA
YDR004W,GGCCGGACTAAACATACGC
YDR005C,CAACTACCTGAAAGGGCA
YDR006C,
YDR007W,
YDR008C,
YDR009W,
YDR010C,
YDR011W,
YDR013W,
YDR014W,
YDR015C,
YDR016C,
YDR017C,GGCTTTTAAACCGCTTCA
YDR018C,
YDR019C,GGCATCCTAAATCCGTTCA
YDR020C,
YDR021W,
YDR022C,
YDR023W,GGTGCAACCCAACTCTAAGA
YDR024W,
YDR025W,
YDR026C,CTAGAACCAATTCCCAGA
YDR027C,GGCCCTAATTAAAGCCAGA
YDR028C,
YDR029W,GTGGACCATACACCCTAG
YDR030C,
YDR031W,TGGTACATCCAAGCAACCGA
YDR032C,
YDR033W,
YDR034C,GCGCACATTAACTTACCGA
YDR035W,
YDR036C,
YDR037W,
YDR041W,
YDR042C,
YDR043C,
YDR044W,
YDR045C,
YDR046C,GCCAAGTTATTAAAGCGGA
YDR047W,GATAATTCCCAACCATTGA
YDR048C,
YDR049W,
YDR050C,
YDR050C,
YDR051C,
YDR052C,GCTATCTACGAATTAGGACT
YDR053W,
YDR054C,
YDR055W,TGGATAAGCACCATAACCC
YDR056C,
YDR057W,
YDR058C,TAGTGACGCTCAGATCACTG
YDR059C,GGCACAGGATAAGATACCC
YDR060W,ATCACCATAATAGTACCC
YDR061W,GTTAAGATCCATTACGCCC
YDR062W,
YDR063W,
YDR064W,
YDR065W,
YDR066C,GGGTTACCACCTATATGC
YDR067C,
YDR068W,GGTCATTTCAATCGTCTCC
YDR069C,GACTCTATTCAAGGTTCTC
YDR070C,GCGTTATAATAAGAGGTCC
YDR071C,
YDR072C,
YDR073W,GGTATATCTGAATCCATTCC
YDR074W,
YDR075W,
YDR076W,
YDR077W,
YDR078C,
YDR079W,
YDR080W,
YDR081C,
YDR082W,GATAGACCTTAATCACCGC
YDR083W,
YDR084C,
YDR085C,
YDR086C,
YDR087C,
YDR088C,
YDR089W,
YDR090C,GAGACTACTGCCTTCGGC
YDR091C,
YDR092W,
YDR093W,
YDR094W,
YDR095C,
YDR096W,
YDR097C,
YDR098C,
YDR099W,
YDR100W,
YDR101C,
YDR102C,GCTACCGCTTAATTTAGATC
YDR103W,
YDR104C,
YDR105C,GTACCTCGTAACATTAGATC
YDR107C,
YDR108W,GCTAACCCGTAATTGTATC
YDR109C,
YDR110W,
YDR111C,
YDR112W,TACTACTAGACACTATCCTC
YDR113C,
YDR114C,
YDR115W,
YDR116C,
YDR117C,
YDR118W,GCCAGCCTCTAATTTACGTC
YDR119W,
YDR120C,
YDR121W,
YDR122W,
YDR123C,
YDR124W,
YDR125C,
YDR126W,
YDR127W,
YDR128W,
YDR129C,GGATTCAGCTAACTTCTTC
YDR130C,AGTACCTCACAGTTCTTC
YDR131C,
YDR132C,
YDR133C,
YDR134C,
YDR135C,GGGTTGTCCACACTCTGTT
YDR136C,
YDR137W,GAAGCATCCCTAACTTGTT
YDR138W,
YDR139C,GTCATTGACTAACTCGTTTC
YDR140W,
YDR141C,GATACCCGAACATTTGTTTC
YDR142C,
YDR143C,
YDR144C,
YDR145W,
YDR146C,
YDR147W,TCACTTGTTACAGGTACT
YDR148C,GAGGGTCACCTGCATCACCT
YDR149C,
YDR150W,
YDR151C,
YDR152W,
YDR153C,
YDR154C,
YDR155C,GATAGGCATCTCACTTTCCT
YDR156W,
YDR157W,GCAGGTCGTTTAATATCGCG
YDR158W,
YDR159W,
YDR160W,
YDR161W,
YDR162C,
YDR163W,GACCTGGAGTCATACGTCT
YDR164C,
YDR165W,
YDR166C,
YDR167W,
YDR168W,
YDR169C,
YDR170C,
YDR171W,
YDR172W,GTATGCTACCTCTTCGACT
YDR173C,
YDR174W,
YDR175C,
YDR176W,TATTATAGCTATCCGAGGT
YDR177W,
YDR178W,
YDR179C,
YDR179W-A,GCAGTTCATAGACCTTGGT
YDR180W,
YDR181C,
YDR182W,TGGCGCGTTTCTTCAATT
YDR183W,
YDR184C,
YDR185C,
YDR186C,
YDR187C,
YDR188W,
YDR189W,
YDR190C,
YDR191W,
YDR192C,
YDR193W,GTGATCCGGCTGCCTAACT
YDR194C,
YDR195W,
YDR196C,
YDR197W,
YDR198C,GGCCAATTGTCAGTGCCCTT
YDR199W,GCAGCGTTTGCAGTTCCTT
YDR200C,
YDR201W,
YDR202C,
YDR203W,
YDR204W,
YDR205W,
YDR206W,GACGCTGTTCATCCTCTT
YDR207C,
YDR208W,
YDR209C,GCGACTGCCGATTTCTCTT
YDR210W,
YDR211W,AATTCGCGTTCATGCGTT
YDR212W,
YDR213W,
YDR214W,
YDR215C,
YDR216W,
YDR217C,
YDR218C,GGTGATCCGCTGACTCCTTC
YDR219C,
YDR220C,GCAGCGGCTTTCAGGTCTAT
YDR221W,TGCGAGCGCGATATTCTTT
YDR222W,
YDR223W,
YDR224C,
YDR224C,
YDR225W,CTCTCCCAAAGCCGTACG
YDR226W,GCCCTCAAACCATGTAAA
YDR227W,
YDR228C,
YDR229W,
YDR230W,
YDR231C,TTCGCTTAAACAATCGGCAA
YDR232W,
YDR233C,TCGTATAGCAAACGGGCGA
YDR234W,
YDR235W,TGTGATCCAACAACCCGGA
YDR236C,GCCCGAGACCAAAGTGAA
YDR237W,TCAGCCGAAAGAGGGTCA
YDR238C,
YDR239C,
YDR240C,
YDR241W,TGGCTCACGAAACCCGGACA
YDR242W,
YDR242W,TACAGGGATTAAGCGTCCG
YDR243C,
YDR244W,
YDR245W,TTGTACGACGCAGTCTTCC
YDR246W,CCGGGGCTAAGTGTTCCG
YDR247W,
YDR248C,
YDR249C,
YDR250C,
YDR251W,ACTTGGACCGTTTGGCG
YDR252W,
YDR253C,
YDR254W,
YDR255C,
YDR256C,
YDR257C,
YDR258C,
YDR259C,
YDR260C,
YDR261C,
YDR262W,TTAGTCACGCCACTGGCTCG
YDR263C,
YDR264C,TATGTACCGACTCCCAGG
YDR265W,
YDR266C,
YDR267C,TTTGACCGCTACATCGAGG
YDR268W,
YDR269C,TTTTTGCGCCCAGACTAGG
YDR270W,TTCGCACTGCCGTACTAGG
YDR271C,TTATGTCCACGCCAGTAGG
YDR272W,
YDR273W,TATGTTGTCCCATCTGACGG
YDR274C,
YDR275W,TTAGACCGATCACTACACGG
YDR276C,ATCGGCTCAGTTCGCGG
YDR277C,
YDR278C,
YDR279W,
YDR280W,
YDR281C,
YDR282C,
YDR283C,
YDR284C,
YDR285W,
YDR286C,TATTCGGACGGACCTTGG
YDR287W,TAGTACGGACACCTGAGG
YDR288W,
YDR289C,TTTACATGCCGACAGGCTGG
YDR290W,
YDR291W,
YDR292C,
YDR293C,TTCTTCCCGCCAGATCGTGG
YDR294C,
YDR295C,
YDR296W,
YDR297W,
YDR298C,
YDR299W,
YDR300C,TCAGCTCCAGGGTTTGG
YDR301W,
YDR302W,
YDR303C,
YDR304C,
YDR305C,TTTACGGACGCACCTTACTG
YDR306C,
YDR307W,
YDR308C,
YDR309C,
YDR310C,
YDR311W,
YDR312W,TTGCGTACTCCCACGGTG
YDR313C,
YDR314C,TATCCGTCCACGAGGGTG
YDR315C,TTTCATTCTGGCATGGGTG
YDR316W,
YDR317W,
YDR318W,
YDR319C,
YDR320C,
YDR320C-A,
YDR321W,
YDR322W,
YDR323C,
YDR324C,TACTCGTCCACGCGGTTG
YDR325W,
YDR326C,
YDR327W,
YDR328C,TCGGAGACGATTTACAT
YDR329C,
YDR330W,
YDR331W,
YDR332W,
YDR333C,
YDR334W,
YDR335W,AGGCCCGAGACTCCTGAT
YDR336W,
YDR337W,
YDR338C,
YDR339C,
YDR340W,
YDR341C,
YDR344C,
YDR345C,ATAGGCCGGTAATCCTGAC
YDR346C,
YDR347W,
YDR348C,TAGAGACTCCGCGAATG
YDR349C,AAGCTAATGGCACCGCACCG
YDR350C,
YDR351W,
YDR352W,
YDR353W,
YDR354W,
YDR355C,ATATCAGGCGGTATCCCG
YDR356W,
YDR357C,
YDR358W,
YDR359C,
YDR360W,
YDR361C,
YDR362C,
YDR363W,
YDR363W-A,TACACCGAGTAACGAGATC
YDR364C,ACTACGTTGGTGAATTAG
YDR365C,
YDR367W,
YDR368W,TATTACTTTGAATGGGCGCG
YDR369C,
YDR370C,
YDR371W,TATGTACTGTAAGTCCGGCG
YDR372C,
YDR373W,
YDR374C,
YDR375C,
YDR376W,
YDR377W,
YDR378C,
YDR379W,
YDR380W,TCGAAGGGTCTTGAATTCG
YDR381W,
YDR382W,ATTACCGGAGCACGTGTCG
YDR383C,
YDR384C,AGGCATGTTTATTCCGTCG
YDR385W,AAATTGGTCGAAATACGTCG
YDR386W,
YDR387C,ACGCCATACCTTGTATTCG
YDR388W,
YDR389W,
YDR390C,
YDR391C,TAATAGCAGGTTCGCAAGG
YDR392W,ATTACCTATCGGAGACAGG
YDR393W,
YDR394W,
YDR395W,
YDR396W,
YDR397C,
YDR398W,
YDR399W,
YDR400W,AAAGTATCATCCGACACCGG
YDR401W,AAATTATCTCACGCACCGG
YDR402C,
YDR403W,
YDR404C,
YDR405W,
YDR406W,
YDR407C,
YDR408C,ATTCTTCTCACACGGGTGG
YDR409W,
YDR410C,
YDR411C,
YDR412W,
YDR413C,
YDR414C,
YDR415C,
YDR416W,
YDR417C,
YDR418W,
YDR419W,TCCGAGTGTTAAGTCGTATG
YDR420W,
YDR421W,
YDR422C,
YDR423C,
YDR424C,
YDR425W,
YDR426C,
YDR427W,
YDR427W,
YDR428C,
YDR429C,
YDR430C,
YDR431W,
YDR432W,
YDR433W,GCTAGACTGTTGGGAAAT
YDR434W,
YDR435C,
YDR436W,
YDR437W,
YDR438W,
YDR439W,
YDR440W,
YDR441C,ACTATTGTTCGAGAGTGT
YDR442W,ATTCATCCTGACGTTCGGT
YDR443C,
YDR444W,
YDR445C,
YDR446W,
YDR447C,AATTCTCGGTCATGTGGGT
YDR448W,
YDR449C,
YDR450W,
YDR451C,
YDR452W,
YDR453C,GCTACCTTTCTACACTT
YDR454C,
YDR455C,ATTGTACGGTTCCCGAGTG
YDR456W,
YDR457W,
YDR458C,
YDR459C,
YDR460W,
YDR461W,
YDR462W,
YDR463W,
YDR464W,
YDR465C,
YDR466W,
YDR467C,
YDR468C,TTGAACGGCGCGGCCATT
YDR469W,
YDR470C,
YDR471W,
YDR472W,
YDR473C,TCCTTGCGTATAGGGTGATT
YDR474C,
YDR475C,
YDR476C,
YDR477W,
YDR478W,ACACTCGGGCGTAGGTATT
YDR479C,
YDR480W,
YDR481C,GGCAATCGTAGGTCACTT
YDR482C,
YDR483W,
YDR484W,
YDR485C,ATTACACGGCGAGTAGCCTT
YDR486C,AACTAGTCGTACCGAGCTT
YDR487C,
YDR488C,ACAGGTCGGAGATTTCGC
YDR489W,
YDR490C,ACCGACGGTTAGCGATCTT
YDR491C,
YDR492W,
YDR493W,
YDR494W,
YDR495C,
YDR496C,
YDR497C,
YDR498C,
YDR499W,
YDR500C,
YDR500C,
YDR501W,
YDR502C,
YDR503C,
YDR504C,
YDR505C,
YDR506C,
YDR506C,
YDR507C,
YDR508C,
YDR509W,AACTCTTCGGAGTAGTGTT
YDR510W,
YDR511W,AATCCCGTATGAGTGTGTT
YDR512C,
YDR512C,
YDR513W,
YDR514C,
YDR515W,ACTGCTAGTCGGATGGATTT
YDR516C,GCGTTCAGGCGGACCTTT
YDR517W,
YDR518W,
YDR519W,
YDR520C,
YDR521W,
YDR522C,
YDR523C,
YDR524C,GCTACGCTTATCGAGTTT
YDR525W,CCAGCCGGGAGCTAGTTT
YDR525W-A,
YDR526C,GCGCCTTGTCCCATGTTT
YDR527W,
YDR528W,
YDR529C,CGTCGAGCCAACTGTTAAA
YDR530C,
YDR531W,
YDR532C,
YDR533C,
YDR534C,
YDR535C,CACGTATCTGAATGCCGATC
YDR536W,
YDR537C,
YDR538W,
YDR539W,
YDR540C,
YDR541C,
YEL001C,
YEL002C,CCGTATGCCAAAGAAGCCA
YEL003W,
YEL004W,
YEL005C,
YEL006W,
YEL007W,
YEL008W,
YEL009C,
YEL010W,
YEL011W,
YEL012W,
YEL013W,
YEL014C,
YEL015W,
YEL016C,
YEL017C-A,CGCCTACAGCATATTCATC
YEL017W,
YEL018W,
YEL019C,
YEL020C,
YEL023C,
YEL024W,
YEL025C,
YEL026W,
YEL027W,
YEL028W,
YEL029C,
YEL030W,AACGATGTAGCATGGCTCCTG
YEL031W,
YEL032W,
YEL033W,
YEL034W,
YEL035C,
YEL036C,
YEL037C,
YEL038W,
YEL039C,
YEL040W,
YEL041W,
YEL042W,CCAGTCCAAGATAGTGCCA
YEL043W,
YEL044W,
YEL045C,TCCTATGAACAATGGGAGA
YEL046C,
YEL047C,CACACGCACAATTTGCATA
YEL048C,
YEL049W,
YEL050C,
YEL051W,
YEL052W,
YEL053C,
YEL054C,
YEL055C,CTGACAGTAACTTTCATC
YEL056W,
YEL057C,
YEL058W,
YEL059W,
YEL060C,
YEL061C,
YEL062W,
YEL063C,
YEL064C,
YEL065W,
YEL066W,
YEL067C,
YEL068C,
YEL071W,CTGACTCATTGCCATTGCA
YEL072W,
YER001W,
YER002W,
YER003C,CCTCGATCTAAAGCATGGA
YER004W,GCCCACTCTACAATAGAGA
YER005W,TCCCACGATACAAGCTGAGA
YER006W,
YER007C-A,
YER007W,
YER008C,
YER009W,
YER010C,
YER011W,
YER012W,
YER013W,
YER014C-A,
YER014W,
YER016W,
YER017C,
YER018C,
YER019C-A,
YER019W,
YER020W,
YER021W,
YER022W,
YER023W,
YER024W,
YER025W,
YER027C,
YER027C,
YER028C,
YER030W,
YER031C,
YER032W,
YER033C,
YER034W,
YER035W,
YER036C,
YER037W,
YER037W,
YER038C,
YER038W-A,
YER039C,ATACAGCCTGGGAGTCTG
YER039C-A,
YER040W,
YER041W,
YER042W,
YER043C,
YER044C,
YER044C-A,GACGGTACTTTGCCATCAT
YER045C,
YER046W,
YER046W-A,
YER047C,
YER048C,
YER048W-A,
YER049W,
YER050C,
YER051W,GGCACTCACAATAATCCA
YER052C,
YER053C,
YER054C,CGCCGCCGAACAGCAATAGA
YER055C,
YER056C,
YER056C-A,
YER057C,
YER058W,
YER059W,
YER060W,
YER060W-A,
YER061C,TGCGACAGAGAGCTCACAC
YER062C,GATAGCAGAATGTCACAC
YER063W,
YER064C,
YER065C,
YER066C-A,
YER066W,
YER067C-A,
YER067W,
YER068C-A,
YER068W,
YER069W,
YER070W,
YER071C,
YER072W,ATTTCGGAAGAGCTGTCT
YER073W,
YER074W,ACGCTGTGAACTTGTCTC
YER074W-A,
YER075C,
YER077C,AGCTACACTGTCCGCAAG
YER078C,
YER079W,
YER080W,
YER081W,
YER082C,
YER083C,
YER084W,ATTCCGCACGGCATTATGG
YER085C,
YER086W,
YER087C-A,
YER087W,
YER088C,
YER089C,
YER090W,
YER091C,
YER091C-A,GGTATTGGAATCCTGATC
YER092W,
YER093C,
YER093C-A,
YER094C,
YER095W,
YER096W,
YER097W,
YER098W,
YER101C,GTGCCAGAGACAAGATCCA
YER103W,
YER104W,
YER106W,
YER107C,
YER108C,
YER109C,GATACGCAATGACGAATA
YER110C,TGTGAGAGAAGCAGACAC
YER111C,
YER112W,CACTAGCAGAAGGTGACAC
YER113C,
YER114C,
YER115C,
YER116C,
YER117W,
YER118C,
YER119C,CATCAGGACTAGCAGAGTC
YER119C-A,
YER120W,
YER121W,
YER122C,CTCCTGTGAAGTGAGATC
YER123W,
YER124C,
YER125W,
YER126C,CATAGGTTTGAAGGATTCTC
YER127W,GATTGCTACACATGCTTCT
YER128W,GAGCTGAGTCAATCTTTCTC
YER129W,
YER130C,
YER131W,CAGAGCCACTGCCAGAAG
YER132C,
YER133W,
YER134C,ATGAGCTGTCTAACGCCACG
YER135C,
YER136W,
YER137C,CGAGATAGCGCATTACTGG
YER139C,
YER140W,
YER141W,
YER142C,
YER143W,
YER144C,
YER145C,TACTGCGAGGTACGTGTCTG
YER146W,
YER147C,
YER148W,
YER149C,
YER150W,
YER151C,
YER152C,
YER153C,
YER154W,
YER155C,
YER156C,
YER157W,
YER158C,
YER159C,
YER161C,
YER162C,
YER163C,
YER164W,
YER165W,CAGAGCAGCAATCCGATA
YER166W,CATCTAGCAACAGCGATA
YER167W,
YER168C,
YER169W,
YER170W,CCTGACAGAGAATGGTACA
YER171W,
YER172C,
YER173W,
YER174C,
YER175C,
YER176W,
YER177W,
YER178W,
YER179W,
YER180C,
YER181C,
YER182W,
YER183C,
YER184C,
YER185W,
YER186C,
YER187W,
YER188W,
YFL001W,
YFL002C,
YFL003C,
YFL004W,AGAGATCACTGACACCGA
YFL005W,
YFL006W,
YFL007W,
YFL008W,
YFL009W,AGTACCTACCATTCGCAG
YFL010C,
YFL010W-A,
YFL011W,
YFL012W,
YFL013C,
YFL013W-A,
YFL014W,CCACACTTCTATAAGGGCAG
YFL015C,
YFL016C,AGAGTAATCATGTGGCAG
YFL017C,
YFL018C,
YFL018W-A,TATAGACGCCGACCATGCA
YFL019C,
YFL020C,TACTCACACCTAATATGCAG
YFL021W,
YFL022C,
YFL023W,
YFL024C,
YFL025C,
YFL026W,
YFL026W,
YFL027C,CCATCCAGCATAGTAATCA
YFL028C,
YFL029C,
YFL030W,GGCTTAACTATCAGATCAG
YFL031W,
YFL032W,
YFL033C,
YFL034C-A,
YFL034W,
YFL035C,
YFL035C-A,
YFL035C-B,
YFL036W,
YFL037W,
YFL038C,
YFL039C,
YFL040W,GCTACACGACGCATTCTCAG
YFL041W,
YFL042C,
YFL043C,ACCCCAGCCGCTAAGGTCAG
YFL044C,TAGAGGATGCGCCATGTC
YFL045C,
YFL046W,
YFL047W,
YFL048C,
YFL049W,
YFL050C,
YFL051C,
YFL052W,
YFL053W,
YFL054C,
YFL055W,
YFL056C,
YFL060C,
YFL063W,
YFR001W,
YFR002W,
YFR003C,
YFR004W,
YFR005C,
YFR006W,CGATACTCCAGCAGTCAGA
YFR007W,
YFR008W,
YFR009W,
YFR010W,
YFR011C,GCGAGCCAGGTCATATTCG
YFR011C,
YFR012W,
YFR013W,
YFR013W,
YFR014C,
YFR015C,
YFR016C,TAACTGGACCTAAGTGAGA
YFR017C,
YFR018C,
YFR019W,CATTGCATGTGGCTAGAG
YFR020W,
YFR021W,GCGTTAAGCCCATTGTAGAG
YFR022W,
YFR023W,
YFR024C,
YFR024C-A,
YFR025C,ATTTAGGCACCCGACAGAG
YFR026C,
YFR027W,
YFR028C,
YFR029W,
YFR030W,TAACGGACTCTAATCCCAG
YFR031C,
YFR031C-A,
YFR032C,
YFR032C-A,
YFR033C,
YFR034C,
YFR035C,
YFR036W,
YFR037C,
YFR038W,GGGACGATCACCTCTATC
YFR039C,CCGTGCATAACTTCTATC
YFR040W,
YFR041C,TTGACCCTACGCACAGATC
YFR042W,
YFR043C,ACACAGGCAGGAATGTATC
YFR044C,
YFR045W,
YFR046C,
YFR047C,
YFR048W,
YFR049W,
YFR050C,
YFR051C,
YFR052W,
YFR053C,
YFR054C,
YFR055W,AGAGGCTATCTCGTGACTC
YFR056C,
YFR057W,CCACCAGGTATTTAACTC
YGL001C,
YGL002W,
YGL003C,
YGL004C,
YGL005C,CCAGTTTACGAACGAGGTAC
YGL006W,
YGL007W,
YGL008C,
YGL009C,
YGL010W,
YGL011C,
YGL012W,
YGL013C,
YGL014W,
YGL015C,
YGL016W,CGCTTCAAGTAATTAGCC
YGL017W,
YGL018C,GGGATATGAATTAGTCC
YGL019W,TCAAAGAAGATAGGGTCC
YGL020C,CCGGTTTGAGAATATCTTCT
YGL021W,
YGL022W,
YGL023C,
YGL024W,
YGL025C,
YGL026C,
YGL027C,CCATTATTTGGAAGGTTAGGC
YGL028C,TGTTAGGGAACTTTAGGC
YGL029W,
YGL030W,
YGL031C,
YGL032C,CTTAAAGACGCGGGAACTG
YGL033W,CCGATTTTAACATTTCGTGC
YGL034C,CAACTTTCCGAATAGGTGC
YGL035C,
YGL036W,CGGTCGAGTAACTTTGATC
YGL037C,
YGL038C,
YGL039W,
YGL040C,CCATTATAGTAGGGAGGTC
YGL041C,
YGL042C,CCGGCTTATTAACCATGTC
YGL043W,
YGL044C,TCAGTTCGACTAAGGGATTC
YGL045W,CACCAGGTTGTTGAAACTTC
YGL046W,
YGL047W,
YGL048C,
YGL049C,
YGL050W,
YGL051W,
YGL053W,TACCACGTAAGTTATCAG
YGL054C,CCTACTACGGTAACTGATAG
YGL055W,
YGL056C,
YGL057C,
YGL058W,
YGL059W,
YGL060W,
YGL061C,
YGL062W,
YGL063W,
YGL064C,
YGL065C,
YGL066W,
YGL067W,
YGL068W,
YGL069C,
YGL070C,
YGL071W,
YGL072C,
YGL073W,
YGL074C,
YGL075C,
YGL076C,
YGL077C,CCATAGGTTTACCGCTTGCG
YGL078C,
YGL079W,
YGL080W,CCGGCATTTACATTATGTTCG
YGL081W,
YGL082W,CCAGACGTTTTAATTGGA
YGL083W,
YGL084C,CCTTACACGATTTATAGG
YGL085W,
YGL086W,
YGL087C,CGCAGTATCTTTAAGTTC
YGL088W,
YGL089C,
YGL090W,
YGL091C,AAATAGACCCGCCGGTAATG
YGL092W,ACGGGTTAAGTACGATG
YGL093W,
YGL094C,
YGL095C,CAAGGTACGTTTCCGAAGTG
YGL096W,
YGL097W,
YGL098W,
YGL099W,CTTTCTAACAAGACCGAA
YGL101W,CTATTTCAAACGAGGGAA
YGL102C,CTACCGAACAACTTTGAA
YGL103W,CGGTTACACAACGTATAA
YGL104C,
YGL105W,
YGL107C,
YGL108C,
YGL109W,
YGL110C,GCGACCCAGAAATCGTGTAA
YGL111W,GGCCCAGTAACACTCTTAA
YGL112C,
YGL113W,
YGL114W,
YGL115W,
YGL116W,TGCCCTTAAATACAACCA
YGL117W,
YGL118C,
YGL120C,TGGAGGACCAAACACCTTCA
YGL121C,
YGL122C,
YGL123W,TGGCAAACCCAAACGA
YGL124C,
YGL125W,
YGL126W,GGTAACACCCACTTAGCG
YGL127C,
YGL128C,AGTAACCCAATCCACGGA
YGL129C,
YGL130W,ACGTTAAACATCCGGTGA
YGL131C,
YGL132W,
YGL133W,
YGL135W,
YGL136C,TTTATCCCAATCGACCTA
YGL137W,
YGL138C,
YGL139W,CCGGGCAATACGAAATTA
YGL140C,GCGAACTTTACCCAATTA
YGL141W,TCTAGGTAAACACCTTA
YGL142C,CCCTCTCTCAAAGTTTA
YGL143C,TCAACCAGTCCTGTAAAC
YGL144C,
YGL145W,
YGL146C,
YGL147C,
YGL148W,
YGL149W,
YGL150C,
YGL151W,
YGL152C,
YGL153W,
YGL154C,
YGL155W,
YGL156W,
YGL157W,
YGL158W,GGGACATTATTCAGAAACCC
YGL159W,
YGL160W,
YGL161C,
YGL162W,GAGTTGGACACTACCTCC
YGL163C,AGGTACTCGAACTATTCC
YGL164C,
YGL165C,
YGL166W,
YGL167C,
YGL168W,
YGL169W,
YGL170C,GGTTAATGACATTACCGTC
YGL171W,GTACAAAGAAACGGGGTC
YGL172W,
YGL173C,
YGL174W,
YGL175C,
YGL176C,
YGL177W,
YGL179C,
YGL180W,GATAGGCGGTAACTCTT
YGL181W,
YGL194C,
YGL195W,
YGL196W,TTTACGGCGCGACGAGTCCT
YGL197W,
YGL198W,
YGL199C,
YGL200C,
YGL201C,
YGL202W,AACCGACTGTGCCTAAGT
YGL203C,
YGL205W,TCATAGGGCCGGACACGT
YGL206C,TAACTCGGCCTAGTGGA
YGL207W,
YGL208W,
YGL209W,
YGL210W,GTGACTTAGACCCTCCGT
YGL211W,
YGL212W,AACTTCCGGGAGATGCGT
YGL213C,
YGL214W,TTTAGCCGCCGAGGTTCGT
YGL215W,TAGTTCGGGCCTACGGT
YGL216W,
YGL217C,
YGL218W,TACTCCGTTCGAGGATCGGG
YGL219C,
YGL220W,TACCGCTTTAGATAGGTGG
YGL221C,
YGL222C,
YGL223C,
YGL224C,AGTACCCGTCCGGTCATT
YGL225W,
YGL226C-A,
YGL226W,
YGL227W,TACTACCCTGGAGGGATT
YGL228W,TGTGCCCGGACCCTGATT
YGL229C,
YGL230C,TGGGTAGCAGTCCCGTACT
YGL231C,GTAGACGGTCCTCACCTT
YGL232W,TCGAGGCTACCGTACCTT
YGL233W,
YGL234W,CTTACGGTGGGCACGCTT
YGL235W,
YGL236C,
YGL237C,
YGL238W,TATAGTCGCGGGACCGTCTT
YGL239C,
YGL240W,CTACCGTCGGAGGCAGTT
YGL241W,TTTCCTTGCGGGCCAGAGTT
YGL242C,
YGL243W,
YGL244W,
YGL245W,
YGL246C,
YGL247W,
YGL248W,
YGL249W,
YGL250W,
YGL251C,
YGL252C,
YGL253W,
YGL254W,
YGL255W,
YGL256W,
YGL257C,
YGL258W,
YGL259W,
YGL260W,
YGL261C,
YGL262W,
YGL263W,
YGR001C,
YGR002C,
YGR003W,
YGR004W,
YGR005C,
YGR006W,
YGR007W,TAACTTCGGGAACCGTAGGC
YGR008C,
YGR009C,
YGR010W,
YGR011W,AATCGGTACTAAGTCGGTTT
YGR012W,
YGR013W,
YGR014W,
YGR015C,ACGGTTACCTAAGCGTTCA
YGR016W,
YGR017W,
YGR018C,
YGR019W,
YGR020C,
YGR021W,ACCCACCGTTCTATTGTAG
YGR022C,
YGR023W,
YGR024C,
YGR025W,
YGR026W,ATACGTGATTAACGGGTCC
YGR027C,CCTCCGAACTAAGAAGTTA
YGR028W,
YGR029W,
YGR030C,
YGR031W,
YGR032W,
YGR033C,
YGR034W,
YGR035C,CGGAACGTATTTCAAAGCC
YGR036C,
YGR037C,
YGR038W,
YGR039W,
YGR040W,
YGR041W,
YGR042W,
YGR043C,
YGR044C,
YGR045C,
YGR046W,
YGR047C,
YGR048W,
YGR049W,
YGR050C,CGTTATAGGTAAGAGTAG
YGR051C,CCTTACGTACACTAGGTAG
YGR052W,
YGR053C,
YGR054W,CCCTTGTAGTAATGGGTTA
YGR055W,
YGR056W,
YGR057C,
YGR058W,
YGR059W,
YGR060W,CCTTTATTTAAGTAGGCGG
YGR061C,
YGR062C,CCCTATTGTTAAGCGTGGG
YGR063C,
YGR064W,
YGR065C,
YGR066C,D1:CCAGGAGTTAATCCGTTGG
YGR067C,
YGR068C,
YGR069W,
YGR070W,
YGR071C,CCCGTTCGTAATACGTGAT
YGR072W,CACGAAGGTGTTGTAACTAT
YGR073C,
YGR074W,
YGR075C,
YGR076C,
YGR077C,
YGR078C,
YGR079W,
YGR080W,
YGR081C,
YGR082W,
YGR083C,
YGR084C,
YGR085C,TCCGTTAGCGTATGGGATTT
YGR086C,
YGR087C,
YGR088W,
YGR089W,GGTCCCGGCCCATAAAGAA
YGR090W,CTTACCCAAACGCTTAAA
YGR091W,GTGGCCGTACCAAACCGAA
YGR092W,
YGR093W,
YGR094W,
YGR095C,
YGR096W,
YGR097W,
YGR098C,
YGR099W,
YGR100W,
YGR101W,
YGR102C,
YGR103W,
YGR104C,
YGR105W,
YGR106C,
YGR107W,
YGR108W,
YGR109C,
YGR110W,TGAGGCTTACTTAGACGTT
YGR111W,
YGR112W,GGGTTCTACCGCCTATATTT
YGR113W,
YGR114C,GAAGGCGGGTTACTTATTT
YGR115C,GGGATACCCTGGTCCACTT
YGR116W,
YGR117C,
YGR118W,
YGR119C,
YGR120C,
YGR121C,TTTCGGACGACCCGCCTTAT
YGR122C-A,
YGR122W,
YGR123C,
YGR124W,
YGR125W,
YGR126W,
YGR127W,
YGR128C,GGCATAACTACCAACCGA
YGR129W,
YGR130C,
YGR131W,AGAATTTGCACCAAGGCGA
YGR132C,
YGR133W,
YGR134W,GGTCAGACACACACTGCGA
YGR135W,CGGATATGACAATCATC
YGR136W,GCACAGATTTTAAACCTCGA
YGR137W,
YGR138C,
YGR139W,GCGGCTAACAACAATTCGA
YGR140W,
YGR141W,
YGR142W,
YGR143W,GACGCGCACCAATCTAAGG
YGR144W,
YGR145W,
YGR146C,
YGR147C,
YGR148C,
YGR149W,GCCCAAGACTTCTAAACGG
YGR150C,
YGR151C,
YGR152C,
YGR153W,AAGACCGACACAACTGCGG
YGR154C,CGCCCTATTAACAATCGGA
YGR155W,
YGR155W,
YGR156W,
YGR157W,
YGR158C,
YGR159C,
YGR160W,
YGR161C,
YGR162W,
YGR163W,
YGR164W,
YGR165W,
YGR166W,GGCACACGTACCAACTGGA
YGR167W,
YGR168C,
YGR169C,
YGR170W,
YGR171C,
YGR172C,
YGR173W,
YGR174C,
YGR175C,
YGR176W,
YGR177C,
YGR178C,
YGR179C,
YGR180C,
YGR181W,
YGR182C,
YGR183C,CCAGGAGAACATATCCTGA
YGR184C,
YGR185C,
YGR186W,
YGR187C,
YGR188C,
YGR189C,
YGR190C,
YGR191W,
YGR192C,CAACACGCAGCCAATTCTGA
YGR193C,
YGR194C,
YGR195W,
YGR196C,GCTCAGAAACACTACGTG
YGR197C,TACGCGAACATACCGTGA
YGR198W,
YGR199W,
YGR200C,
YGR201C,
YGR202C,
YGR203W,
YGR204W,
YGR205W,
YGR206W,
YGR207C,
YGR208W,
YGR209C,
YGR210C,
YGR211W,
YGR212W,AGACCGCTACAACGCTTGA
YGR213C,ACTTGAAGCCAATTTGA
YGR214W,CACGAACCTACACGTTGA
YGR215W,
YGR216C,
YGR217W,
YGR218W,
YGR219W,TGAAGGGACCTCAGACATC
YGR220C,
YGR221C,
YGR222W,GACTAGGAGCCACTACACTC
YGR223C,AGATCATTTGAATGCCACTC
YGR224W,
YGR225W,
YGR226C,
YGR227W,
YGR228W,
YGR229C,GGCTCTTACTGAATCTACT
YGR230W,AATATGACATCCACGTACTC
YGR231C,
YGR232W,
YGR233C,AGGCAGTGGAATGTACTC
YGR234W,
YGR235C,
YGR236C,
YGR237C,
YGR238C,GCAGTAAGCTAAGTCACCTC
YGR239C,
YGR240C,AGCCTCGATAAGGACCTC
YGR241C,
YGR242W,
YGR243W,
YGR244C,
YGR245C,
YGR246C,
YGR247W,ATAGTGCCTGAAGCTGCCT
YGR248W,GATACTGACAGTTGCCTC
YGR249W,
YGR250C,
YGR251W,
YGR252W,
YGR253C,GACTTCACCCAGTGGACG
YGR254W,AGCACTCTTCCAGATGACG
YGR255C,GATCACCGTTACCGAGTG
YGR256W,
YGR257C,ATATGACACGGAACTGACG
YGR258C,
YGR259C,
YGR260W,
YGR261C,GCCCTAGATTGTATTGACG
YGR262C,
YGR263C,
YGR264C,
YGR265W,TCCGCAGCATTGGACATAG
YGR266W,CTAGCAGGTAGACGATACG
YGR267C,
YGR268C,
YGR269W,
YGR270W,
YGR271W,GATTAGCATCGACCACCACT
YGR272C,
YGR273C,
YGR274C,GATCTTCAGACACCTACG
YGR275W,
YGR276C,
YGR277C,
YGR278W,GTACAGGTAATGCCTACG
YGR279C,CCTTATTTCTGAATGCTACG
YGR280C,
YGR281W,AGCTATTACCCATTCTACG
YGR282C,
YGR283C,
YGR284C,
YGR285C,
YGR286C,ACATCGGCTCTATACTACG
YGR287C,
YGR288W,
YGR289C,
YGR290W,
YGR291C,
YGR292W,
YGR295C,
YHL002W,
YHL003C,
YHL005C,
YHL006C,
YHL007C,
YHL008C,
YHL009C,
YHL010C,
YHL011C,
YHL012W,GATGCACTGCGTTCCATGTC
YHL013C,
YHL014C,
YHL015W,CTGCTTGCGATGTGCGTC
YHL016C,TATGGTGGCACGTCTGCT
YHL017W,
YHL019C,GAGGCGATCTCCATCTGCT
YHL020C,
YHL021C,
YHL022C,
YHL023C,
YHL024W,
YHL025W,
YHL026C,
YHL027W,
YHL028W,
YHL029C,
YHL030W,TCGCACCGATGCCATGCATG
YHL031C,
YHL032C,TAAGTGATCCTAGCCCAGCG
YHL033C,
YHL034C,
YHL035C,ACACGCAGATGATTTAA
YHL036W,
YHL037C,
YHL038C,
YHL039W,GAGATCACTTCCCAGCG
YHL040C,ATTGTCGCACATCACGGTC
YHL041W,
YHL042W,CATACGATCACAGTTAGGCCT
YHL043W,
YHL044W,TCACACGCTACAGAGGTATC
YHL045W,
YHL046C,
YHL047C,ACGATGAGACATGCGTATC
YHR001W-A,
YHR003C,
YHR004C,
YHR005C,
YHR005C-A,
YHR006W,GCCATTATAGCAATCTCAC
YHR007C,
YHR008C,
YHR009C,
YHR010W,
YHR011W,
YHR012W,
YHR013C,
YHR014W,
YHR015W,
YHR016C,
YHR017W,
YHR018C,ACGTACCACAGATGTATC
YHR019C,
YHR020W,
YHR021C,
YHR021W-A,
YHR022C,GAGTCAGGCACATTTCGGTC
YHR023W,
YHR024C,
YHR025W,
YHR026W,
YHR028C,TTATGTACCATCAAGCCCAG
YHR029C,
YHR030C,
YHR031C,
YHR032W,
YHR033W,CTAAGGCAGATGTGCTAAT
YHR034C,
YHR035W,
YHR036W,
YHR037W,
YHR038W,AGTTCGCGCACTCTCGTG
YHR039C,
YHR039C-B,ATCCAGACTCGCATATACG
YHR040W,
YHR041C,
YHR042W,
YHR043C,
YHR044C,CCTTCTTAGGATGTGAGAT
YHR045W,ACAGGGTATCACTTCTGCT
YHR046C,AGCCACGCTTGCACAGTT
YHR047C,
YHR048W,
YHR049C-A,
YHR049W,
YHR050W,ACGCGCTATTGATATGTCG
YHR051W,
YHR057C,
YHR058C,
YHR059W,CCATCTGTGAAAGTAGTCA
YHR060W,
YHR061C,
YHR062C,
YHR064C,
YHR065C,
YHR066W,
YHR067W,
YHR068W,
YHR069C,
YHR070W,
YHR072W,ACAGAGCACATGACC
YHR072W-A,
YHR073W,
YHR074W,
YHR075C,
YHR076W,
YHR077C,
YHR078W,
YHR079C,
YHR079C-B,
YHR080C,
YHR081W,CGTCAGCACAGCCTTGAG
YHR082C,
YHR083W,
YHR084W,CACGAGTGCTAAGATTTG
YHR085W,
YHR086W,CTCTCACTGAGGTAGCATCAGG
YHR087W,
YHR088W,TATATTGACGCAGGCTCA
YHR091C,
YHR092C,
YHR093W,
YHR094C,
YHR095W,
YHR096C,
YHR097C,
YHR100C,TAATGCGATCCGCTCGAACT
YHR101C,
YHR103W,
YHR104W,
YHR105W,
YHR106W,
YHR107C,
YHR108W,
YHR109W,
YHR110W,
YHR111W,
YHR112C,
YHR113W,
YHR114W,
YHR115C,
YHR116W,
YHR117W,
YHR118C,
YHR120W,
YHR121W,
YHR122W,
YHR123W,
YHR124W,TGCATGTCAAGGCAGCCC
YHR125W,
YHR126C,
YHR127W,
YHR129C,
YHR130C,
YHR131C,
YHR132C,
YHR132W-A,
YHR133C,
YHR134W,
YHR135C,
YHR136C,
YHR137W,
YHR138C,
YHR139C,
YHR139C-A,
YHR140W,
YHR142W,
YHR143W,
YHR143W-A,
YHR146W,TCCTGTCCACGCGATATG
YHR147C,
YHR148W,
YHR150W,
YHR151C,
YHR152W,
YHR153C,
YHR154W,AAAGGCCAGCGTCTACTG
YHR155W,
YHR156C,
YHR157W,
YHR158C,
YHR159W,
YHR160C,
YHR161C,
YHR162W,
YHR163W,
YHR164C,TGAGTTCCGCCACTTAGCT
YHR166C,TAGTTCGGTACATTGCCTG
YHR167W,
YHR168W,
YHR170W,
YHR171W,
YHR172W,TTTAGGAGGAGCTTCTG
YHR176W,
YHR177W,
YHR178W,TTCTCAGAGCACCGACGTG
YHR179W,
YHR180W,
YHR181W,TCTACGGCGCATTCGGTG
YHR182W,TATTCGATACGACGATGTG
YHR183W,TTTATCCTGGCACGCTGGT
YHR184W,
YHR185C,
YHR186C,
YHR188C,
YHR188C,
YHR189W,
YHR190W,
YHR191C,CATTCTGGCAGGGCCTTC
YHR193C,
YHR194W,
YHR195W,
YHR196W,TGGCTCGACACCTCGTTG
YHR197W,
YHR198C,
YHR199C,
YHR200W,
YHR202W,TGGAGGCACGTCTCACAAT
YHR203C,
YHR204W,
YHR206W,
YHR207C,
YHR209W,
YHR210C,
YIL001W,
YIL002C,
YIL003W,
YIL004C,
YIL005W,
YIL006W,
YIL007C,
YIL008W,GTCACACCTTAACAAGTGC
YIL009C-A,
YIL009W,
YIL010W,
YIL011W,ACATGCGTGAAAATCGTGCA
YIL012W,
YIL013C,
YIL014W,GCAGAATAACAGTTCTGGA
YIL015C-A,
YIL015W,GAGTTCGCCAACATCTCTA
YIL016W,
YIL017C,
YIL018W,AGAATCAACACGAGTCTA
YIL019W,
YIL020C,
YIL021W,
YIL022W,
YIL023C,
YIL024C,
YIL025C,
YIL026C,ATACTATGAACTACGAGC
YIL027C,TACGACAGGAGACACTGC
YIL028W,GATAGTAGCGTACGCTGC
YIL029C,
YIL030C,
YIL031W,
YIL032C,AAGCGACATGCACGTTCAG
YIL033C,
YIL034C,
YIL035C,
YIL036W,
YIL037C,
YIL038C,TATATGTGCATCACCATCG
YIL039W,
YIL040W,
YIL041W,TACACACCTCTATCAGGAT
YIL042C,CTATCTTAGGCATGGGATG
YIL043C,
YIL044C,AGAGCAGCGCGTCCATTG
YIL045W,
YIL046W,
YIL047C,
YIL048W,
YIL049W,
YIL050W,
YIL051C,
YIL052C,
YIL053W,
YIL054W,
YIL055C,
YIL056W,
YIL057C,CCGTGTGTGAAATCAGATAA
YIL058W,
YIL059C,
YIL060W,
YIL061C,AGAACCCAGAATTGTGCA
YIL062C,
YIL063C,TCGACAGTACAAGCATTGGA
YIL064W,GACTGCAACATACTTGGA
YIL065C,
YIL066C,
YIL067C,
YIL068C,
YIL069C,
YIL070C,
YIL071C,GGCACAACGATCACTGAC
YIL072W,
YIL073C,
YIL074C,
YIL075C,
YIL076W,CACGTCTTCAATGCGAGC
YIL077C,TATCACTACGTACGCTGC
YIL078W,
YIL079C,AAAGGTCACAGAGACTGC
YIL083C,TGACCATCTAGTACAGAG
YIL084C,
YIL085C,
YIL086C,TCAATCGACATTCCAGAG
YIL087C,
YIL088C,
YIL089W,
YIL090W,
YIL091C,
YIL092W,
YIL092W,
YIL093C,
YIL094C,
YIL095W,
YIL096C,ATCGCGCTCGCATGTCATT
YIL097W,
YIL098C,TGGATGACGAGTCCGCAT
YIL099W,
YIL100W,
YIL101C,CGTGGCATTATCAGTATC
YIL102C,
YIL103W,
YIL104C,
YIL105C,
YIL106W,
YIL107C,ATGATAGGCTGCGACTTTGT
YIL108W,
YIL109C,
YIL110W,
YIL111W,
YIL112W,
YIL113W,
YIL114C,
YIL115C,
YIL116W,
YIL117C,ATCGCAGCAACTGTAATA
YIL118W,
YIL119C,
YIL120W,
YIL121W,
YIL122W,
YIL123W,CTGCGCGAGTAGAGACAAC
YIL124W,
YIL125W,
YIL126W,CAACTAGGCGAATGAGGCC
YIL128W,ACATTTGGCGCAACTCGC
YIL129C,
YIL130W,
YIL131C,GATGATACCATACCTCGC
YIL132C,
YIL133C,
YIL134W,
YIL135C,
YIL136W,TGCTGACACATGATGCTC
YIL137C,
YIL138C,
YIL139C,CCATCGCGTGAGTTATGCTC
YIL140W,
YIL141W,CAGCCGTAGACAGTATCTT
YIL142W,
YIL143C,AGATTGACTACACCTCTTC
YIL144W,
YIL145C,
YIL146C,AGAGGCCATTCATTCACAG
YIL147C,
YIL148W,
YIL149C,CATGCTACGAGATATGGG
YIL150C,CTGCACCGCATCTATGGG
YIL152W,
YIL153W,
YIL154C,
YIL155C,
YIL156W,
YIL157C,
YIL158W,
YIL159W,
YIL160C,
YIL161W,
YIL162W,
YIL163C,ATACTGTGGCATGAGTCCT
YIL164C,
YIL165C,
YIL166C,
YIL167W,
YIL168W,
YIL170W,
YIL171W,
YIL173W,
YIR001C,
YIR002C,GTCTGACATAAGAGCAAC
YIR003W,AGCATGAACATCACGGCC
YIR004W,
YIR005W,
YIR006C,
YIR007W,TGAGTCCAGACAGCTCGC
YIR008C,TAAGAGTCACGCGCTCGC
YIR009W,
YIR010W,
YIR011C,
YIR012W,
YIR013C,
YIR014W,
YIR015W,
YIR016W,
YIR017C,
YIR018W,
YIR019C,
YIR020C,
YIR020W-B,GCCCTACTTTAATTTACG
YIR021W,CATCGAGAGGCAGATTTAC
YIR022W,GTCTTATACACCTTTACG
YIR023W,
YIR024C,
YIR025W,TTAGCAGCCGCAGAACCG
YIR026C,
YIR027C,
YIR028W,
YIR029W,
YIR030C,TTGGTAACGCACCTTAACCG
YIR031C,
YIR032C,
YIR033W,
YIR034C,
YIR035C,
YIR036C,
YIR037W,
YIR038C,AGTAACACCGTATAGCAC
YIR039C,
YIR042C,ATGAGGTATCCCATGCACC
YIR043C,
YIR044C,TATATCACGCACTGGACCG
YJL001W,ATTCGAGAAATTCAGCCA
YJL002C,GGGTAGCACACAATCAGCA
YJL003W,GTGCACTGAAACGCAGCCA
YJL004C,
YJL005W,
YJL006C,TGCATCTAGTTCAGAGTT
YJL007C,TCGAGAGTATGACGTCTGT
YJL008C,
YJL009W,
YJL010C,AAATGTGCGTCAGTCGCCT
YJL011C,
YJL012C,TGAGACGCTCTATCGCCT
YJL013C,
YJL014W,CGCAGGATGGTACAGCAT
YJL015C,GAGTCTATCGCATCTTCAT
YJL016W,TGCAGAGCAGGTGATTCCAT
YJL017W,TACATGTCCCATCTGGCTG
YJL018W,
YJL019W,
YJL020C,
YJL021C,
YJL022W,
YJL023C,
YJL024C,AATTGACCGCAGGCATCGG
YJL025W,ATGTCTGCTAATGTGTAG
YJL026W,ATACTCAGCACGGTGTAG
YJL027C,ATAGCGAGTACCAGTGAG
YJL028W,
YJL029C,TCATCGACTCACAGGACTTC
YJL030W,
YJL031C,
YJL032W,
YJL033W,
YJL034W,
YJL035C,
YJL036W,
YJL037W,
YJL038C,
YJL039C,TGCATCGCGCACGCTGAT
YJL041W,
YJL042W,
YJL043W,CATCGACCGAGGCTTGTG
YJL044C,TGATATGTGGCACGCTTGTG
YJL045W,
YJL046W,
YJL047C,
YJL048C,
YJL049W,
YJL050W,TATGACTGAGCATGTGCG
YJL051W,
YJL052W,TATGCTAGCTACCTAGTGCG
YJL053W,
YJL054W,
YJL055W,GCACTCAGTACCAGTCAG
YJL056C,
YJL057C,
YJL058C,
YJL059W,
YJL060W,
YJL061W,
YJL062W,
YJL063C,GCTGAATGACCATGAGGAGC
YJL064W,
YJL065C,
YJL066C,
YJL067W,
YJL068C,CGTCACAGCACTAACAGGAC
YJL069C,
YJL070C,
YJL071W,
YJL072C,
YJL073W,GCGGGCAGAACAGTCATCTA
YJL074C,
YJL075C,ATCAGTACCAACGATGGA
YJL076W,CCTAGATCGCAATAGAGGA
YJL077C,
YJL078C,GCACTACAAGGCTGA
YJL079C,
YJL080C,
YJL081C,
YJL082W,TGAGGGCAAAGTCCTGAA
YJL083W,
YJL084C,
YJL085W,
YJL086C,
YJL087C,ATCATCTGCGGAGAGAGTCC
YJL088W,
YJL089W,TATGCGTCTCAGCGCCTCT
YJL090C,
YJL091C,
YJL092W,
YJL093C,
YJL094C,
YJL095W,
YJL096W,
YJL097W,AACGCACGCATTTGTGTG
YJL098W,
YJL099W,
YJL100W,
YJL101C,TCTGACCGACGAGTAGATG
YJL102W,
YJL103C,
YJL104W,TGGTATCTCCCATTCTGCG
YJL105W,TAGTCCTTCACATACTGCG
YJL106W,
YJL107C,
YJL108C,GATGTCTCACCCGTGCTCAG
YJL109C,
YJL110C,CATGGCTACTGAATCCTATGC
YJL111W,
YJL112W,
YJL115W,
YJL116C,
YJL117W,
YJL118W,
YJL119C,
YJL120W,
YJL121C,
YJL122W,
YJL123C,
YJL124C,
YJL125C,
YJL126W,
YJL127C,
YJL128C,CTTGAGACGAACAGATGGA
YJL129C,
YJL129C,
YJL130C,
YJL131C,
YJL132W,
YJL132W,ACGCGGCCAATGCTGCTA
YJL133W,
YJL134W,
YJL135W,
YJL136C,
YJL137C,
YJL138C,
YJL139C,GAACAAGTACAGCCGCCTG
YJL139C,
YJL140W,
YJL140W,
YJL141C,CTGCGCGAGAAACAGGAA
YJL142C,
YJL143W,
YJL144W,
YJL145W,
YJL146W,TGGGCATCTTGCACTGTTCT
YJL147C,
YJL148W,
YJL149W,ACTACTACGTGCGACATGAT
YJL150W,
YJL151C,GCAAAGTTAATGTGCCTG
YJL151C,
YJL152W,
YJL153C,CAGCTCTATCCATTAGTG
YJL154C,
YJL155C,
YJL156C,
YJL157C,
YJL158C,
YJL159W,
YJL160C,
YJL160C,
YJL161W,
YJL161W,
YJL162C,TGAGTTAAGCTATACGTACG
YJL163C,
YJL163C,
YJL164C,
YJL165C,
YJL165C,
YJL166W,CCGATCTATAAAGATTGCAG
YJL167W,
YJL168C,
YJL169W,
YJL170C,
YJL171C,GACGATACAGATATGATGC
YJL172W,
YJL172W,
YJL173C,
YJL174W,
YJL175W,
YJL176C,
YJL177W,GAGGTATGCACACATCCGAC
YJL178C,
YJL179W,
YJL180C,
YJL181W,
YJL182C,TATGTATGCCAAGACTGCTA
YJL183W,
YJL184W,
YJL184W,
YJL185C,TCTTCATAGCAAGCAAGGGA
YJL186W,TCACACCAAGAATCGGA
YJL187C,
YJL188C,TCTCAAGATATGCGTA
YJL189W,
YJL189W,
YJL190C,
YJL191W,
YJL191W,
YJL192C,
YJL193W,
YJL194W,
YJL195C,
YJL195C,
YJL196C,
YJL196C,
YJL197W,
YJL198W,
YJL199C,
YJL200C,
YJL200C,
YJL201W,CGGTTATCAGATGTGGAT
YJL202C,
YJL202C,
YJL203W,
YJL204C,
YJL206C,CCAGGTTCTTAATAGCTG
YJL206C,
YJL206C-A,
YJL207C,
YJL208C,ATTGTCACGGCCACTCTAG
YJL209W,
YJL210W,
YJL211C,
YJL212C,
YJL213W,
YJL214W,
YJL215C,
YJL216C,
YJL217W,
YJL218W,
YJR001W,
YJR002W,
YJR003C,
YJR004C,
YJR005W,
YJR006W,
YJR007W,TAGCGCCCAACTTCAATA
YJR008W,
YJR009C,
YJR010C-A,CCAGGAGTCAAGTGTGTA
YJR010W,CCAAGCGCAGACAGTGTTA
YJR011C,AGTAAGAGGCATGTTAGCC
YJR012C,ATGACGGGAAGACACGCC
YJR013W,
YJR014W,TTATGAGCACGAGACGCC
YJR015W,
YJR016C,GAGGTACACGTAGAGAATCGC
YJR017C,
YJR018W,
YJR019C,
YJR020W,GCTATGCAGTAACTACCTC
YJR021C,
YJR022W,
YJR023C,TAGTACCATCCATTAGCTC
YJR024C,GATAGATCCATCACGCTC
YJR025C,
YJR026W,
YJR030C,CAGCCTAGTACATTACTTTC
YJR031C,GCACCGCAGAGCTTGTAG
YJR032W,
YJR033C,
YJR034W,
YJR035W,ATATCATACCCATGTCGG
YJR036C,
YJR037W,
YJR038C,TATATCGGCATGTGGCTG
YJR039W,
YJR040W,
YJR041C,CATGGACTACGATGATGCG
YJR042W,
YJR043C,
YJR044C,
YJR045C,ATATCTAGGTCAGGAGCAT
YJR046W,
YJR047C,
YJR048W,
YJR049C,
YJR050W,TATGCTGTCCATGCTGCCT
YJR051W,
YJR052W,
YJR053W,
YJR054W,
YJR055W,GCCGCTGATAAACAGAGCT
YJR055W,
YJR056C,
YJR057W,
YJR058C,
YJR059W,
YJR060W,GCCGAGCGACAATCTAAGA
YJR061W,
YJR062C,
YJR063W,
YJR064W,TCCGGCTGAGAACATAATA
YJR065C,
YJR066W,
YJR067C,
YJR068W,
YJR069C,GAGAGTCAGCCATTCCTACT
YJR070C,TGCCCAGCGATCTTTACC
YJR072C,
YJR073C,
YJR074W,GAGTGCATTACAGATTACCA
YJR075W,GATCTCTATACACTTAGC
YJR076C,
YJR077C,GCACTTATTCGTAATCAGCA
YJR078W,GCCATGTATTAAGATAGCG
YJR079W,
YJR080C,
YJR082C,
YJR083C,
YJR084W,
YJR087W,
YJR088C,
YJR090C,GAGTAGTCAGCATTCGTTCT
YJR091C,GAGTTATCAGCACCTCCAGC
YJR092W,
YJR093C,
YJR094C,TGTAATCGCTTGTAATGG
YJR094W-A,GATCGTGACAGACTTTATGT
YJR095W,TAGTGTCACAGTTTATGT
YJR096W,GATCCTAGTCCATAGCCTGA
YJR097W,
YJR098C,GCAGTACCTCTAATGCTTGT
YJR099W,GCGTGACAGTTTGTTCAATT
YJR100C,GGCCAGTATTTACATCCATA
YJR102C,
YJR103W,
YJR104C,GCCGCATTTGTAATCCTATT
YJR105W,GACGTATAGATTCGTATG
YJR106W,GCCTCACTATTCACGTTATC
YJR107W,GATCACTCTTCTAACACTA
YJR108W,
YJR109C,GACTAGACCGATTGCACTT
YJR110W,
YJR111C,
YJR112W,CAGTACGCCATATACCTA
YJR113C,
YJR115W,
YJR116W,
YJR117W,GAGGACTACTTCCCATGCTC
YJR118C,GAGCGTTTACCAGTCTGCTT
YJR119C,GAATCGGTTTGGCAATCTC
YJR120W,GAGTATCTTATCCACCTCTA
YJR121W,GGCTAGTATCCAGTCCTCTT
YJR122W,GTAGCTCCGATCACTTTCTC
YJR123W,
YJR124C,
YJR125C,GACTATTCCATACTCGTA
YJR126C,
YJR127C,
YJR128W,
YJR129C,
YJR130C,
YJR131W,GCAGTCGATAGACCCGATTC
YJR133W,
YJR134C,
YJR135C,
YJR137C,
YJR139C,
YJR140C,
YJR141W,GCTGCGTCCATTTGAACAAG
YJR142W,GAGTGATAGCCCTCCACAAC
YJR144W,GCGGTCAGATTTCAGGCAAA
YJR145C,CGGAGACCTGTATGCAAA
YJR146W,TGGCAGTCATTCTACTCAAT
YJR147W,CCTGAGAGTCATTTGAAT
YJR148W,
YJR149W,AGTCGCAGTCGCCTTAAT
YJR150C,GTCACGGACTTCTATCACAA
YJR152W,GAGATGTGGATCTCACCCAT
YJR153W,GCATGTCACGACTTTCCAT
YJR154W,CTACCGAGTGCTAGGCAT
YKL001C,
YKL002W,
YKL003C,
YKL004W,
YKL005C,
YKL006C-A,
YKL006W,
YKL007W,
YKL008C,
YKL009W,GTCAGACCCACACACTGGTA
YKL010C,
YKL011C,
YKL012W,
YKL013C,
YKL014C,
YKL015W,
YKL016C,
YKL017C,
YKL018W,
YKL019W,
YKL020C,
YKL021C,ACAGAGGCAACTTCGTA
YKL022C,
YKL023W,AGCAAAGACAGGGTTGTA
YKL024C,
YKL025C,TCAGAAGCCCAGCTTTGTA
YKL026C,
YKL027W,
YKL028W,
YKL029C,
YKL030W,AGAGTGTCCCAAGTTCCTT
YKL031W,CAGCACAGACCAGTCATTA
YKL032C,
YKL033W,
YKL033W-A,
YKL034W,
YKL035W,
YKL036C,
YKL037W,CCGAACGAAGACCAGCTTA
YKL038W,
YKL039W,
YKL040C,
YKL041W,AAACGATGGCAAGTGCTT
YKL042W,
YKL043W,
YKL044W,
YKL045W,
YKL046C,
YKL047W,
YKL048C,
YKL049C,
YKL050C,CATAGTAGGCAATGCGGTT
YKL051W,
YKL052C,
YKL053C-A,
YKL053W,
YKL054C,
YKL055C,CTGCAACCTACATGGTGTTA
YKL056C,GCGCCGCTAAGAATTGTTA
YKL057C,
YKL058W,
YKL059C,
YKL060C,CCGATATGTCGTAACCTTTA
YKL061W,
YKL062W,AATGCACGGCAACCGCTTTA
YKL063C,
YKL064W,
YKL065C,GCTTAACAGAACCGTTTA
YKL066W,
YKL067W,
YKL068W,
YKL069W,
YKL070W,
YKL071W,
YKL072W,GGCACACATTATTCGCAAA
YKL073W,
YKL074C,
YKL075C,
YKL076C,
YKL077W,
YKL078W,
YKL079W,
YKL080W,
YKL081W,
YKL082C,
YKL083W,
YKL084W,
YKL085W,
YKL086W,CCAGCAGATATGTTAAAC
YKL087C,
YKL088W,CTGCCTACTAAGAACGTAC
YKL089W,GCGGACCCATATTTAACAA
YKL090W,
YKL091C,
YKL092C,
YKL093W,
YKL094W,
YKL095W,
YKL096W,
YKL096W-A,
YKL097C,TGCACATGAGACACACGAC
YKL098W,
YKL099C,
YKL100C,
YKL101W,TCACCAGGGATGAAGCGAC
YKL102C,
YKL103C,
YKL104C,
YKL105C,
YKL106W,TATGGCACCACACGGAAGGAC
YKL107W,TCGACCACTCGAATAAGGAC
YKL108W,
YKL109W,
YKL110C,
YKL111C,
YKL112W,
YKL113C,
YKL114C,
YKL115C,
YKL116C,
YKL117W,
YKL118W,
YKL119C,
YKL120W,
YKL121W,
YKL122C,
YKL123W,
YKL124W,
YKL125W,
YKL126W,
YKL127W,
YKL128C,AGCAGCGACCATACGTGAC
YKL129C,AATGAACGAGACGCGTGAC
YKL130C,
YKL131W,
YKL132C,
YKL133C,
YKL134C,
YKL135C,
YKL136W,
YKL137W,
YKL138C,GACACACAGGTTCCAATC
YKL138C-A,
YKL139W,
YKL139W,
YKL140W,
YKL141W,
YKL142W,
YKL143W,
YKL144C,GTGGGCATAAGTGACATAC
YKL145W,
YKL146W,
YKL147C,
YKL148C,
YKL149C,
YKL150W,
YKL151C,
YKL152C,CGACGAACCGAATGGATAC
YKL153W,
YKL154W,
YKL155C,
YKL156W,
YKL157W,
YKL158W,
YKL159C,
YKL160W,
YKL161C,
YKL162C,
YKL162C-A,
YKL163W,
YKL164C,GGCTAACCTTCAATGACTAT
YKL165C,TAGACCGAACGACGACTAC
YKL166C,TGAAGAGGACCGAACCTAC
YKL167C,
YKL168C,
YKL169C,GCGTCTAATCAATGCTAC
YKL170W,AGCGAAGACCATGTGCTAC
YKL171W,
YKL172W,
YKL173W,
YKL174C,GCCATCAGTCAAGTTCTAC
YKL175W,
YKL176C,
YKL177W,CCATCACGTTTCAGAAGTA
YKL178C,
YKL179C,
YKL180W,
YKL181W,
YKL182W,AATTGACCGAATCACGTAC
YKL183W,
YKL184W,AGTAAGACACCATTCTGTAC
YKL185W,
YKL186C,
YKL187C,
YKL188C,CGGCCCACTTATAAATTAC
YKL189W,
YKL190W,
YKL191W,
YKL192C,
YKL193C,
YKL194C,
YKL195W,
YKL196C,
YKL197C,
YKL198C,
YKL199C,
YKL200C,
YKL201C,
YKL202W,
YKL203C,
YKL204W,GACAGGAGGCGAATATGCCC
YKL205W,
YKL206C,
YKL207W,
YKL208W,
YKL209C,
YKL209C,
YKL210W,GGACTAACGACAAGCCC
YKL211C,
YKL212W,
YKL213C,TCTTCTAACAAGACTACGGCCC
YKL214C,
YKL215C,
YKL216W,
YKL217W,TCACATGGTCAAGGATGCCC
YKL218C,
YKL220C,
YKL221W,CTTACCAAAGCAATGTGCCC
YKL222C,GAGTAATCACCAGTGGGCCC
YKR001C,GGCATATTTAGCAATCCC
YKR002W,
YKR003W,
YKR004C,
YKR005C,
YKR006C,GTACTTAGTAATTCGTCCC
YKR007W,
YKR008W,
YKR009C,
YKR010C,
YKR011C,ACCTAACTCGAAGTGAGCC
YKR012C,
YKR013W,
YKR014C,
YKR015C,
YKR016W,
YKR017C,
YKR018C,
YKR019C,
YKR020W,
YKR021W,
YKR022C,
YKR023W,
YKR024C,
YKR025W,
YKR026C,
YKR027W,
YKR028W,AAGGACCGTCTCAAGTAGC
YKR029C,TAACGGAGGCGAACTTAGC
YKR030W,
YKR031C,
YKR032W,AATAAGCTGCACGAACGCC
YKR033C,
YKR034W,
YKR035C,
YKR035W-A,
YKR036C,
YKR037C,
YKR038C,
YKR039W,
YKR040C,
YKR041W,
YKR042W,
YKR043C,
YKR044W,
YKR045C,
YKR046C,
YKR047W,
YKR048C,
YKR049C,
YKR050W,
YKR051W,
YKR052C,TGAATCACGAGGAAGGCC
YKR053C,
YKR054C,
YKR055W,
YKR056W,
YKR057W,
YKR058W,
YKR059W,ATATTACTGCGAAGCGGCC
YKR060W,
YKR061W,
YKR062W,
YKR063C,
YKR064W,
YKR065C,
YKR066C,
YKR067W,
YKR068C,
YKR069W,
YKR070W,
YKR071C,
YKR072C,
YKR073C,ATAGCACTTCTTGGAACCT
YKR074W,
YKR075C,
YKR076W,
YKR077W,
YKR078W,
YKR079C,
YKR080W,
YKR081C,
YKR082W,
YKR083C,
YKR084C,
YKR085C,
YKR086W,CCAGTTTGTGAAGACGCG
YKR087C,CTGAGCAGTATAGACGCG
YKR088C,
YKR089C,
YKR090W,
YKR091W,
YKR092C,
YKR093W,
YKR094C,GTTCCTAGCCATTTACGCG
YKR095W,
YKR096W,
YKR097W,AGCCACTATTGTAAGCCACG
YKR098C,
YKR099W,
YKR100C,
YKR101W,CAAAGCGTTGTGAATCGC
YKR102W,
YKR103W,
YKR104W,
YKR105C,
YKR106W,ACAGCTCACCAGTATAGTG
YLL001W,
YLL002W,ATCCTCGACATGGACTCG
YLL003W,
YLL004W,
YLL005C,
YLL006W,
YLL007C,
YLL008W,
YLL009C,
YLL010C,
YLL011W,
YLL012W,
YLL013C,
YLL014W,
YLL015W,
YLL016W,
YLL017W,ATCTTATGAGTCGCAGAGT
YLL018C,
YLL018C-A,
YLL019C,
YLL020C,TGCTGGCATCTCCCAAGAGT
YLL021W,
YLL023C,
YLL024C,
YLL025W,GGCAGCACTAAATCGCATC
YLL026W,
YLL027W,
YLL028W,
YLL029W,AGATGCTACAATCCATGA
YLL030C,
YLL031C,TGACACAGCGCCAAGCAGA
YLL032C,
YLL033W,
YLL034C,
YLL035W,
YLL036C,AGCTCTCCAACGGCAGTA
YLL037W,TCGGCCATAATGCTCAATAC
YLL038C,ATGCACACACTTCAATAC
YLL039C,
YLL040C,GTGGTAACAGCACACATAC
YLL041C,
YLL042C,
YLL043W,
YLL044W,
YLL045C,
YLL046C,
YLL047W,
YLL048C,
YLL049W,
YLL050C,
YLL051C,TATGAGCAGCCAGTACCGAA
YLL052C,
YLL053C,
YLL054C,
YLL055W,
YLL056C,
YLL057C,
YLL058W,
YLL059C,TGAGCCACTATGGATATG
YLL060C,
YLL061W,
YLL062C,AGAGCCTCATTCCACACTTG
YLL063C,
YLR001C,
YLR002C,ATTCTGGTCAGCGCACGAG
YLR003C,
YLR004C,
YLR005W,
YLR006C,
YLR007W,TGGAGCGCCACAACTGACA
YLR008C,TGGTCCAGCAAATCTAACA
YLR009W,
YLR010C,
YLR011W,
YLR012C,
YLR013W,CAGGCCGTGAAAGCCGATCA
YLR014C,GCCCGCAGACAAGGCATGA
YLR015W,
YLR016C,
YLR017W,
YLR018C,
YLR019W,
YLR020C,AGAGTGCTGCAACCTCAGTA
YLR021W,
YLR022C,
YLR023C,
YLR024C,TCGAAGAGCACTGCTAC
YLR025W,
YLR026C,
YLR027C,
YLR028C,
YLR029C,
YLR030W,
YLR031W,
YLR032W,GATAGTAGGCGACTCACTT
YLR033W,
YLR034C,
YLR035C,
YLR036C,
YLR037C,
YLR038C,
YLR039C,
YLR040C,
YLR041W,
YLR042C,
YLR043C,
YLR044C,GCAACGTGCTGTCACTGGT
YLR045C,
YLR046C,TCAACCTACTCTGAGCTGTT
YLR047C,
YLR048W,TGGCTCCGACAAGGCGCAAA
YLR049C,
YLR050C,
YLR051C,
YLR052W,
YLR053C,
YLR054C,
YLR055C,
YLR056W,
YLR057W,
YLR058C,
YLR059C,
YLR060W,TTGACCACAAACGTGTCAA
YLR061W,GCGCGGCGAAACACAGAA
YLR062C,GTCAGCAACAACGCCGAA
YLR063W,
YLR064W,
YLR065C,
YLR066W,
YLR067C,
YLR068W,
YLR069C,
YLR070C,
YLR071C,
YLR072W,
YLR073C,TGGGACACCACAAGTCTA
YLR074C,
YLR075W,
YLR076C,GGCGGAGACAACACACCA
YLR077W,
YLR078C,TTATAGGGCACAACCGACCA
YLR079W,
YLR080W,
YLR081W,
YLR082C,
YLR083C,
YLR084C,TTTCACCCAATAAAGTGCC
YLR085C,
YLR086W,
YLR087C,
YLR088W,
YLR089C,
YLR090W,
YLR091W,
YLR092W,TCCGGCAACAATAGGGCA
YLR093C,
YLR094C,GACGAGGACAACCACTCA
YLR095C,
YLR096W,
YLR097C,
YLR098C,
YLR099C,
YLR099W-A,
YLR100W,AGCGAACCAAGCCGCAGA
YLR101C,TTACACCACAACGCGAGA
YLR102C,
YLR103C,
YLR104W,
YLR105C,CCGAATGACAAGGCACGA
YLR106C,
YLR107W,GTCCAGAGAACAGACCGA
YLR108C,ACATCGGACAACAGGCGA
YLR109W,
YLR110C,
YLR111W,
YLR112W,GGACTCAACCAACATCGA
YLR113W,
YLR114C,
YLR115W,
YLR116W,
YLR117C,TCCCCAACCGAAGAATATCGGA
YLR118C,
YLR119W,TCACAAGGACCAACTGGGA
YLR120C,TCGAACTCAAGCACCTGGA
YLR121C,
YLR122C,
YLR123C,
YLR124W,
YLR125W,ACCCAAGCTAGTCCAATA
YLR126C,
YLR127C,GGATCTTCTCACCCGTGT
YLR128W,
YLR129W,
YLR130C,
YLR131C,
YLR132C,
YLR133W,
YLR134W,
YLR135W,
YLR136C,
YLR137W,
YLR138W,
YLR139C,
YLR140W,
YLR141W,
YLR142W,
YLR143W,
YLR144C,TATGAGTTCGCTGACGCCTT
YLR145W,
YLR146C,CGATATGCAGAATAGCGCAA
YLR147C,
YLR148W,TATGTGGACGAGCCCTCTT
YLR149C,
YLR150W,
YLR151C,
YLR152C,
YLR153C,ATCGCACGCAAGGCTATG
YLR154C,TCGAGCCGGTCCATGAGTT
YLR163C,
YLR164W,
YLR165C,
YLR166C,
YLR167W,
YLR168C,TAGTCCTGCCGAGCCGCTTT
YLR169W,
YLR170C,
YLR171W,
YLR172C,
YLR173W,
YLR174W,
YLR175W,
YLR176C,AATATGCGGAATCGGGTCA
YLR177W,
YLR178C,
YLR179C,AACATTCGTAAAGGTGG
YLR180W,
YLR181C,
YLR182W,CTACTGTAAAGCGGCGGA
YLR183C,
YLR184W,
YLR185W,
YLR186W,
YLR186W,AAGACGTACAACCGTGGGA
YLR187W,
YLR188W,
YLR189C,
YLR190W,TAAGTCGCCCAACCGTTATA
YLR191W,
YLR192C,
YLR193C,
YLR194C,
YLR195C,
YLR196W,
YLR197W,
YLR198C,
YLR199C,
YLR200W,
YLR201C,
YLR202C,
YLR203C,
YLR204W,
YLR205C,
YLR206W,AGACGACTAATACCTTGAC
YLR207W,AAGTGAGACGAACCGCCTA
YLR208W,
YLR209C,TATATCGACGAAGGGCGTAC
YLR210W,
YLR211C,
YLR212C,
YLR213C,
YLR214W,
YLR215C,
YLR216C,
YLR217W,
YLR218C,ATAAGATAGGAACCGCACCC
YLR219W,
YLR220W,ATGTGTACGAAGCTACCC
YLR221C,
YLR222C,
YLR223C,
YLR224W,
YLR225C,
YLR226W,
YLR227C,
YLR228C,
YLR229C,CTAAGTGGTAGAATCTTC
YLR230W,ATACGGTGAACACGTCTTC
YLR231C,
YLR232W,
YLR233C,
YLR234W,GGATTATCACCATACGTTC
YLR235C,
YLR236C,CTTGAAGATAACTGTTCC
YLR237W,
YLR238W,
YLR239C,
YLR240W,
YLR241W,
YLR242C,
YLR243W,
YLR244C,CCGCTCTACTATAAGAAAG
YLR246W,
YLR247C,
YLR248W,
YLR249W,
YLR250W,
YLR251W,CTCACTAAGGCGGAGCAAGC
YLR252W,
YLR253W,
YLR254C,
YLR255C,
YLR257W,CAAATGAAGTGCGGTCAGC
YLR258W,
YLR259C,
YLR260W,
YLR261C,
YLR262C,
YLR262C-A,
YLR263W,
YLR264W,
YLR265C,
YLR266C,ATGACACCAGACTAAGC
YLR267W,
YLR268W,TCCAGAGCTAGGAAGTAAC
YLR269C,
YLR270W,
YLR271W,GATCACACTTCGGAACAGC
YLR272C,GATTAGCCACACTAAGC
YLR273C,
YLR274W,
YLR275W,
YLR276C,
YLR277C,
YLR278C,
YLR279W,
YLR280C,
YLR281C,TACACACCTAGGAACTCAGC
YLR282C,AGACACTAACATTCTCAGC
YLR283W,GCACAGTCATAAGATTAGC
YLR284C,
YLR285W,
YLR286C,
YLR287C,
YLR287C-A,
YLR288C,
YLR289W,
YLR290C,
YLR291C,
YLR292C,
YLR293C,
YLR294C,
YLR295C,
YLR296W,
YLR297W,
YLR298C,
YLR299W,
YLR300W,GCACGAGACTTACAATAGC
YLR303W,
YLR304C,CGCTAAGTCCACAGATAGC
YLR305C,
YLR306W,ATCCCGGTTCAAGGTATAG
YLR307W,GGACTCATCGTTCAACTAGC
YLR308W,TATAACACTGGTGAACTAGC
YLR309C,
YLR310C,
YLR311C,
YLR312C,
YLR312W-A,
YLR313C,
YLR314C,
YLR315W,
YLR316C,
YLR317W,
YLR318W,
YLR319C,
YLR320W,
YLR321C,TTTGGAGACTCCCGAACGC
YLR322W,TATAATAGCATGGAACGC
YLR323C,TGGATGACACCCTGAACGC
YLR324W,ATACATCTACATCGACGC
YLR325C,CCACATTGTTCAAGACGGC
YLR326W,
YLR327C,GATACGACCATACATACGGT
YLR328W,
YLR329W,
YLR330W,
YLR331C,
YLR332W,
YLR333C,CATCTGAACCGATATGCGGT
YLR334C,
YLR335W,
YLR336C,
YLR337C,
YLR338W,
YLR339C,
YLR340W,
YLR341W,
YLR342W,
YLR343W,GCTCGTATTCAAGATCATCA
YLR344W,
YLR345W,
YLR346C,
YLR347C,
YLR348C,CAATGCGTTTCAATCGGGC
YLR349W,
YLR350W,
YLR351C,
YLR352W,
YLR353W,
YLR354C,
YLR355C,
YLR356W,
YLR357W,
YLR358C,GCACTGACAAATAGGCCAC
YLR359W,
YLR360W,
YLR361C,
YLR362W,
YLR363C,
YLR364W,
YLR365W,
YLR366W,CGGATATTTCAAGTGGC
YLR367W,
YLR368W,
YLR369W,
YLR370C,
YLR371W,
YLR372W,
YLR373C,
YLR374C,
YLR375W,
YLR376C,
YLR377C,GCACACTGTTTAGAATGC
YLR378C,
YLR379W,
YLR380W,
YLR381W,
YLR382C,
YLR384C,AACCATTCTCAGACATGC
YLR385C,
YLR386W,
YLR387C,
YLR388W,
YLR389C,GCGTTAGAGATAAGTATGC
YLR390W,GTGACCACTACAGTTTATGC
YLR390W-A,
YLR391W,
YLR392C,
YLR393W,ATACCCTGGAAGCAGATGC
YLR394W,
YLR395C,GACCACTTCTGTCAATA
YLR396C,
YLR397C,CTAAGACGTGGGAATATCC
YLR398C,
YLR399C,
YLR400W,TAGATTTACCCACACGTAC
YLR401C,
YLR402W,
YLR403W,AGAACAGACCATCTACTGC
YLR404W,
YLR405W,
YLR406C,
YLR407W,
YLR408C,
YLR409C,
YLR410W,
YLR412W,
YLR413W,
YLR414C,
YLR415C,
YLR416C,
YLR417W,
YLR418C,
YLR420W,
YLR421C,
YLR422W,
YLR423C,
YLR424W,CCACTGACGTTAATGAGG
YLR425W,
YLR426W,
YLR427W,
YLR428C,
YLR429W,
YLR430W,
YLR431C,
YLR432W,ATCAGACTGCCTAATGGGCC
YLR433C,
YLR434C,
YLR435W,
YLR436C,
YLR437C,
YLR438C-A,
YLR438W,
YLR439W,
YLR440C,
YLR441C,
YLR442C,ATTGAGCCTGACCACAGCG
YLR443W,
YLR444C,TAGCGATTACCAGTCAT
YLR445W,
YLR446W,
YLR447C,
YLR448W,
YLR449W,TGAGGCTACCCACTTATG
YLR450W,GCGAGTGACATTTATGCG
YLR451W,
YLR452C,
YLR453C,ACACCGTATTTAAGACTGC
YLR454W,
YLR455W,
YLR456W,TCAATCGCGGTAAGCTGCG
YLR457C,
YLR458W,
YLR459W,TTCAATGGTGCTAAGTGCG
YLR460C,
YLR461W,GCATCAGTTTATGAGTGCG
YML001W,
YML002W,
YML003W,
YML004C,
YML005W,TATGCTCGTGTAGTTCGGCT
YML006C,
YML007W,
YML008C,ATGGAGCCGCGATCTTCAT
YML009C,
YML009C,
YML010C-B,TAATGCAGGATATGTGCG
YML010W,
YML010W-A,
YML011C,
YML012W,
YML013C-A,
YML013W,
YML014W,
YML015C,ATCAGTATGTCACCTGCTGG
YML015C,
YML016C,
YML017W,ATATGCCAGCCAGTGGTACG
YML018C,
YML019W,
YML020W,
YML021C,
YML022W,
YML023C,
YML023C,
YML024W,
YML025C,
YML026C,TTGTAGCACAGGGCAGTC
YML027W,
YML028W,
YML029W,
YML030W,
YML031W,GACGAACACCCAGCTTGATC
YML032C,
YML033W,
YML034W,CTTACATCGAAGTCCC
YML035C,
YML035C,
YML035C-A,
YML036W,
YML037C,GCATCTTCAAGTGCATCC
YML038C,
YML041C,CATACTCTTGAACGATGTC
YML042W,
YML043C,
YML046W,
YML047C,
YML048W,GACACCTCTAAATTGCACG
YML048W-A,
YML049C,
YML050W,
YML051W,
YML052W,
YML053C,
YML054C,GTGCGCCCAAATCAGAAA
YML055W,
YML056C,GCCGCACAAATGCTCAAA
YML057W,
YML058C-A,
YML058W,
YML059C,
YML060W,
YML061C,
YML062C,
YML063W,
YML064C,AGGCTCACTTGCATCTCAT
YML065W,
YML066C,
YML067C,
YML068W,CATTAGTCATAAGGAGGTGG
YML069W,
YML070W,CGATGCGCTCCTTGTTCTG
YML071C,
YML072C,ATAACCACCGGGAAGTGTGA
YML073C,
YML074C,
YML075C,
YML076C,
YML077W,
YML078W,
YML079W,
YML080W,
YML081C-A,AAATCCTCTGTAATTGCC
YML081W,
YML082W,CCGCTGCACAGATGTGAAG
YML083C,
YML084W,
YML085C,ATAGAGATGACGGACCTG
YML086C,
YML086C,TAAGCCATGGCAGACGTC
YML087C,
YML088W,GAGAGGCATACATTGTGATC
YML089C,ATGCGCTCTGAACTGCGACC
YML090W,
YML091C,
YML092C,
YML093W,ACTAATGCTAATTGAGGC
YML094W,TCTAAGGAGATATGAGGC
YML095C,TATTGAGCGCCAGCTTTGC
YML095C-A,
YML096W,
YML097C,GAGACGCATAACTTGCC
YML098W,
YML099C,ATGGGAAGAAGCAGCCAC
YML100W,CCATAGAGAAGTGACCAC
YML100W-A,
YML101C,
YML102C-A,
YML102W,
YML103C,CTAGATTCCCAATGTCGATA
YML104C,
YML105C,
YML106W,GCTGCCTGAAACGAAACGA
YML107C,GCGAAATAGACACGTTTAGA
YML108W,
YML109W,TACAAGCAACGATCTCCA
YML110C,
YML111W,TGCACATAAACAGCTCCA
YML112W,
YML113W,
YML114C,
YML115C,GGCCGCGCACAAATGCAAA
YML116W,GGTGCATGACCGGATATT
YML117W,CACGGCAGGCTCTTCAATATT
YML117W-A,
YML118W,
YML119W,CTGCTAGGGATTCAGGCT
YML120C,
YML121W,
YML122C,
YML123C,
YML124C,
YML125C,
YML126C,
YML127W,CTGAGGCCCATGCTTCTG
YML128C,
YML129C,
YML130C,
YML131W,
YMR001C,
YMR002W,
YMR003W,
YMR004W,TGGCCGCAAATCAGGAAA
YMR005W,TTTGAGCTTCCCAGGCTG
YMR005W,CCAATGCGAAAGAGGTCCA
YMR006C,
YMR007W,
YMR008C,
YMR009W,
YMR010W,
YMR011W,
YMR012W,
YMR013C,
YMR014W,
YMR015C,
YMR016C,
YMR017W,AACATTGCAGAACTTGCCA
YMR018W,
YMR019W,
YMR020W,
YMR021C,
YMR022W,
YMR023C,TCAGCTAACAGGAGATCC
YMR024W,
YMR025W,
YMR026C,CAGAGCTTCTCAATACGGC
YMR027W,
YMR028W,
YMR029C,
YMR030W,
YMR031C,GCCCATGCTATAGATGATC
YMR031W-A,
YMR032W,CCGAGAGAGTAAAGAGTC
YMR033W,
YMR033W,
YMR034C,
YMR035W,
YMR036C,
YMR037C,
YMR038C,
YMR039C,
YMR040W,
YMR041C,
YMR042W,
YMR043W,CGATCTTATACTTGCACCG
YMR044W,
YMR047C,
YMR047C,
YMR048W,
YMR049C,
YMR052C-A,
YMR052W,
YMR053C,GTCGCACACCCGATGAAG
YMR054W,
YMR055C,
YMR056C,
YMR057C,
YMR058W,
YMR059W,
YMR060C,
YMR061W,
YMR062C,
YMR063W,TCGCATTATTGTAAGAGCG
YMR064W,
YMR065W,
YMR066W,CCGAGCTTTTAACTAGCGG
YMR067C,
YMR068W,TAGACTTATGTCACACGCGG
YMR069W,
YMR070W,
YMR071C,
YMR072W,
YMR073C,CATTCTGAGAGATTAGCGG
YMR074C,
YMR075C-A,
YMR075W,
YMR076C,
YMR077C,
YMR078C,
YMR079W,
YMR080C,
YMR081C,
YMR082C,
YMR083W,
YMR084W,
YMR085W,
YMR086C-A,
YMR086W,
YMR087W,
YMR088C,ATAATACTCCCGTACTCGG
YMR089C,GCATCATTTACACCTCGG
YMR090W,
YMR091C,
YMR092C,TTATCTGGCGTACCGCTCGG
YMR093W,
YMR094W,
YMR095C,ACCTCACATCATTGTAAG
YMR096W,
YMR097C,
YMR098C,
YMR099C,
YMR100W,
YMR101C,
YMR102C,ATATCGAGTGCGACATCCC
YMR103C,
YMR104C,
YMR105C,
YMR106C,
YMR107W,
YMR108W,TTCTTAATGCTCGACCAGTG
YMR109W,
YMR110C,
YMR111C,CATCTAGGTCCAGGCGTCA
YMR112C,
YMR113W,
YMR114C,
YMR115W,
YMR116C,
YMR117C,
YMR118C,
YMR119W,CCTAGCTGATGACTGTACT
YMR119W-A,CTGATGCGTGTCAGCGCCTT
YMR120C,
YMR121C,
YMR122C,
YMR123W,
YMR124W,
YMR125W,
YMR126C,
YMR127C,
YMR128W,
YMR129W,
YMR130W,
YMR131C,GCTCGATACTAAGAAGCCGA
YMR132C,GCATAGCTTAAACACGCCA
YMR133W,
YMR134W,CAAGTCGGGCAATGTGATA
YMR135C,
YMR135W-A,
YMR136W,ATGACTGAAGCACATGGCGA
YMR137C,
YMR138W,
YMR139W,
YMR140W,
YMR141C,AGTATGACACAGATCCTCC
YMR142C,ATTGAGACCACTAGCTCC
YMR143W,
YMR144W,
YMR145C,
YMR146C,
YMR147W,
YMR148W,CCTAATGCTAGACATTGATC
YMR149W,
YMR150C,
YMR151W,GCACCATGACTTAATATC
YMR152W,
YMR153C-A,
YMR153W,
YMR154C,AATCCGATCTGAGCACAG
YMR155W,
YMR156C,
YMR157C,
YMR158C-B,
YMR158W,
YMR158W-A,
YMR159C,GAGATGATGCTACCCAGCCG
YMR160W,
YMR160W,
YMR161W,
YMR162C,
YMR163C,
YMR164C,
YMR165C,
YMR166C,
YMR167W,
YMR168C,CATCTTCCGAGACGGAGTG
YMR169C,
YMR169C,GAGCGCTTGCATGTGGCAT
YMR170C,
YMR171C,
YMR172C-A,
YMR172W,GCACGCTGACTATACTTCAA
YMR173W,
YMR173W,
YMR173W-A,
YMR174C,
YMR174C,
YMR175W,
YMR175W,
YMR176W,ATGCGGACTCTCTGAGCTT
YMR177W,CATGAGTCGTGATACGCTT
YMR178W,CGTTGATCCGATGCGGCTT
YMR179W,
YMR180C,
YMR181C,
YMR182C,
YMR183C,
YMR184W,
YMR185W,
YMR185W,TGTTTGACACCAACACAGCA
YMR186W,
YMR187C,
YMR188C,
YMR189W,
YMR190C,
YMR191W,
YMR191W,
YMR192W,
YMR193C-A,
YMR193W,GCGCTCCAGGAACACATAT
YMR194C-A,TTTATGCCCAGACGGTTGG
YMR194W,
YMR195W,
YMR196W,ATGCAGAGAAGCCGCCC
YMR197C,CTCAGCGAGAATGCAGCA
YMR198W,
YMR198W,
YMR199W,
YMR200W,
YMR201C,
YMR202W,
YMR203W,
YMR204C,
YMR205C,ACATTCATGGAATCAGGGC
YMR206W,
YMR207C,GCACGCTAAATCCATATC
YMR208W,
YMR209C,
YMR210W,ACACGGATCCATCGTAGTC
YMR211W,
YMR213W,
YMR214W,
YMR215W,
YMR216C,
YMR217W,TCAGAGACTAGACGACAG
YMR218C,TTTTATTGCCGCAGCAGCC
YMR219W,
YMR220W,
YMR221C,
YMR222C,
YMR223W,
YMR224C,
YMR225C,
YMR226C,CCGAGTTATTGACATGAGT
YMR227C,CTCTGACTATGATATAGTG
YMR228W,
YMR229C,
YMR230W,
YMR231W,
YMR232W,CCCAGCCGATAATTGCAGAC
YMR233W,CCTAGGTATCAACTCAGA
YMR234W,
YMR235C,
YMR236W,
YMR237W,
YMR238W,
YMR239C,
YMR240C,
YMR241W,
YMR242C,GATTATGGAACTTCATGC
YMR243C,
YMR244C-A,
YMR244W,
YMR245W,
YMR246W,
YMR247C,
YMR250W,TCCTATCGCAGAGAGGCG
YMR251W,
YMR251W-A,
YMR252C,
YMR253C,
YMR254C,
YMR255W,
YMR256C,
YMR257C,
YMR258C,GATGTCCACGAGGTCTCTG
YMR259C,
YMR260C,
YMR261C,
YMR262W,
YMR263W,
YMR264W,
YMR265C,
YMR266W,
YMR267W,
YMR268C,
YMR269W,
YMR270C,
YMR271C,
YMR272C,
YMR273C,GCTCAGCAGAACCATAGGA
YMR274C,
YMR275C,
YMR276W,
YMR277W,
YMR278W,
YMR279C,TCGAGCATAGAACGCAGAC
YMR280C,GATTGGAACACATGAGAC
YMR281W,CCTGATGAGAAGATGAGAC
YMR282C,
YMR283C,
YMR284W,
YMR285C,
YMR286W,
YMR287C,
YMR288W,ACTCATAGTGAAGGAGATG
YMR289W,
YMR290C,
YMR290W-A,TACGAGTCTACAGCAGG
YMR291W,
YMR292W,
YMR293C,
YMR294W,
YMR294W-A,
YMR295C,
YMR296C,
YMR297W,ATCTCCATTAAGTGCATG
YMR298W,
YMR299C,
YMR300C,
YMR301C,CATCGGATCGCAGTTATTG
YMR302C,
YMR303C,
YMR304C-A,
YMR304W,
YMR305C,
YMR306C-A,
YMR306W,
YMR307W,
YMR308C,
YMR309C,GATATGGAAAGCTAGGCA
YMR310C,
YMR311C,
YMR312W,
YMR313C,
YMR314W,
YMR315W,
YMR316C-A,AGTATTCCAAGGCAGCTA
YMR316C-B,
YMR316W,CCACGCATCCAAGATTAGA
YMR317W,
YMR318C,
YMR319C,CCGCATCATGGAACATAGGA
YMR320W,
YMR322C,
YMR326C,
YNL001W,
YNL002C,GTTAAGAGCCATTGATAG
YNL003C,
YNL004W,
YNL005C,
YNL006W,GCACCTGGTTGAACGTATG
YNL007C,
YNL008C,
YNL009W,
YNL010W,
YNL011C,AGTGTCATCCAGTTCGTG
YNL011C,
YNL012W,
YNL013C,
YNL014W,
YNL014W,
YNL015W,
YNL016W,
YNL018C,
YNL020C,
YNL021W,
YNL022C,
YNL023C,
YNL024C,GATACTTTACCACAGCTA
YNL024C-A,
YNL025C,
YNL026W,
YNL027W,
YNL028W,
YNL029C,
YNL030W,
YNL031C,CACTTGGATAAGAGCTAG
YNL032W,
YNL034W,
YNL035C,
YNL037C,CGGAAGTCTGGTGAATCTAG
YNL038W,
YNL039W,
YNL040W,
YNL041C,
YNL042W,
YNL043C,
YNL044W,
YNL045W,
YNL046W,AGCCCACTTAGCATTAGTAG
YNL047C,
YNL049C,
YNL050C,
YNL051W,
YNL052W,
YNL053W,
YNL054W,
YNL055C,
YNL056W,
YNL057W,
YNL058C,
YNL059C,
YNL061W,AGGATGGGCCAATTCCCTA
YNL062C,ATCATTCCAAGGGACCTA
YNL063W,AGCGCAGGCCAATGGTTATA
YNL064C,
YNL065W,
YNL066W,AATGCCAAGCACCGGTTGA
YNL067W,AATCAGCCCAATACGTTGA
YNL068C,AGAGACTCCAACGGCTTGA
YNL069C,CTCACTGTGGCTAAGGTG
YNL069C,ATAGTTACAAGCGGGTGA
YNL070W,
YNL071W,
YNL072W,
YNL073W,
YNL074C,
YNL075W,AGAGCACACAACCCATGGA
YNL076W,
YNL077W,
YNL078W,
YNL079C,
YNL080C,
YNL081C,
YNL082W,
YNL083W,
YNL084C,ACAGGTCGTAATCGAGCGA
YNL085W,
YNL086W,TTTATTACGATGGAGGTG
YNL087W,
YNL088W,
YNL089C,
YNL089C,AGCGCCGAAATCCGGTCA
YNL090W,AGATGACACAACCCGGTGCA
YNL091W,AATAGCGTGGAAACCGTGGCA
YNL092W,AAGTCTGTCTAACCTTCGCA
YNL093W,
YNL094W,
YNL095C,
YNL096C,ATTCGCTCACGACGTAGTG
YNL097C,AGAGCTGTCAAACGGTGTA
YNL098C,
YNL099C,
YNL100W,
YNL101W,
YNL102W,
YNL103W,
YNL104C,
YNL105W,
YNL106C,
YNL107W,CGAGGTCCGATTCTGCTT
YNL108C,
YNL109W,
YNL110C,
YNL111C,TCCACGGCTATCATATGGTG
YNL112W,
YNL113W,
YNL114C,GACCTGTGTCAGCTCCTT
YNL115C,
YNL116W,TCCTTGTCGGCGATGCGATT
YNL117W,
YNL118C,
YNL119W,
YNL120C,
YNL121C,
YNL122C,
YNL123W,
YNL124W,
YNL125C,
YNL126W,
YNL127W,AGCTGGATTCAGTCGTGT
YNL128W,TTTTCTGCCGTCAGCCGTGT
YNL129W,
YNL130C,
YNL131W,
YNL132W,
YNL133C,
YNL134C,
YNL135C,
YNL136W,
YNL137C,
YNL138W,
YNL138W-A,
YNL139C,TTCAATCCGCGATGGCTGGT
YNL140C,
YNL141W,
YNL142W,TAGCTTGTCGATATCCGGT
YNL143C,
YNL144C,
YNL145W,
YNL146W,
YNL147W,TGAAACAACACACGCCGTG
YNL148C,
YNL149C,GTGAGAGTTATAGAGCCT
YNL150W,
YNL151C,
YNL152W,
YNL153C,GACTCGCTGCATTGCCAG
YNL154C,
YNL155W,ATTGCGATACGAGCGGCCA
YNL156C,
YNL157W,
YNL158W,TGCACTAGGATCAGTCGCCG
YNL159C,
YNL160W,TTGAGGTTCAATCGCGCTG
YNL161W,
YNL162W,
YNL163C,
YNL164C,
YNL165W,CACAGCGATTTGAATGGTA
YNL166C,
YNL167C,
YNL168C,
YNL169C,
YNL170W,
YNL171C,GCTAGCGTATAACGATTC
YNL172W,AAGACTGGTGAAGCAGATT
YNL173C,
YNL175C,
YNL176C,
YNL177C,AGCAGAGCACCAGTCTAAT
YNL178W,
YNL179C,
YNL180C,
YNL181W,ACAGCACTGGAACTAGCGC
YNL182C,
YNL183C,
YNL184C,
YNL185C,
YNL187W,CATCGCATAGAGCTGAGC
YNL188W,AGATGTCGTCACCTGAGCC
YNL189W,
YNL190W,
YNL191W,
YNL192W,
YNL193W,
YNL194C,
YNL195C,
YNL196C,AAGATGGCCCAATGTGGTGA
YNL197C,GGCAGCATACAACTGTTCA
YNL198C,
YNL199C,
YNL200C,
YNL201C,
YNL202W,
YNL203C,AGTATCGAAATGCACCCA
YNL204C,
YNL205C,
YNL206C,
YNL207W,
YNL208W,
YNL210W,
YNL211C,
YNL212W,GTAGATGCTCTCGCACCT
YNL213C,
YNL214W,TCCTAGATAGCTGTAGCCAT
YNL215W,
YNL216W,
YNL217W,
YNL218W,ACTGTATCCACTACGCTG
YNL219C,CTGCTATCGCCATGACGCTG
YNL220W,AAGCTCGTTTAATCGGTG
YNL221C,
YNL222W,
YNL223W,
YNL224C,ATACTACGCGCAGAAGCGG
YNL225C,
YNL226W,
YNL227C,
YNL228W,
YNL229C,
YNL230C,GACTGCAATAGACTGCATT
YNL231C,
YNL232W,ATAGAGTCTGACACATTC
YNL233W,
YNL234W,
YNL235C,
YNL236W,
YNL237W,
YNL238W,
YNL239W,
YNL240C,
YNL241C,
YNL242W,
YNL243W,
YNL244C,
YNL245C,
YNL246W,
YNL247W,
YNL248C,
YNL249C,
YNL250W,
YNL251C,
YNL252C,
YNL253W,
YNL254C,
YNL255C,
YNL256W,
YNL257C,
YNL258C,
YNL259C,
YNL260C,
YNL261W,
YNL262W,
YNL263C,
YNL264C,
YNL265C,TGCGATACCCTGCGCGT
YNL266W,
YNL267W,
YNL268W,AAGCTCTTAGCATTCGGTG
YNL268W,
YNL269W,
YNL270C,
YNL271C,
YNL272C,
YNL273W,
YNL274C,
YNL275W,
YNL276C,
YNL277W,
YNL278W,
YNL279W,
YNL280C,
YNL281W,
YNL282W,TTGTGTATGCCACTACCGCG
YNL283C,
YNL284C,
YNL285W,
YNL286W,
YNL287W,
YNL288W,
YNL289W,
YNL290W,
YNL291C,
YNL292W,
YNL293W,AGCTCACAGTACAGAGACT
YNL294C,
YNL295W,GATTATTACCAGCAGACTC
YNL296W,
YNL297C,
YNL298W,
YNL299W,
YNL300W,
YNL301C,
YNL302C,
YNL303W,
YNL304W,
YNL305C,CCACCATGATGAATTGTCAT
YNL306W,
YNL307C,
YNL308C,
YNL309W,
YNL310C,
YNL311C,
YNL312W,
YNL313C,
YNL314W,
YNL315C,
YNL315C,
YNL316C,
YNL317W,
YNL318C,
YNL319W,
YNL320W,
YNL321W,
YNL322C,
YNL323W,
YNL324W,
YNL325C,
YNL326C,
YNL327W,
YNL328C,
YNL329C,
YNL330C,ATTGCATTCGCATTTCCGAT
YNL331C,
YNL332W,
YNL333W,
YNL334C,
YNL335W,
YNL336W,
YNL338W,AATGCGACGGACTGCCATG
YNL339C,
YNR001C,
YNR002C,
YNR003C,
YNR004W,
YNR005C,
YNR006W,
YNR007C,
YNR008W,
YNR009W,CCGCGTAGTTAATCATGTA
YNR010W,
YNR011C,
YNR012W,
YNR013C,
YNR014W,
YNR015W,CTCTGGTTGGGAATTAG
YNR016C,
YNR017W,
YNR018W,GGTCCACCTACATCCATTAG
YNR019W,
YNR020C,
YNR021W,
YNR022C,TGCGTTTGAAGCACGATTAG
YNR023W,
YNR024W,
YNR025C,
YNR026C,
YNR027W,CCCGTATCACGATTATTAG
YNR028W,
YNR029C,
YNR030W,GTACCCAGTCACACTTAC
YNR031C,
YNR032C-A,
YNR032W,CGCCGTTAATAGAGCTTAG
YNR033W,
YNR033W,
YNR034W,ACGATCACGTACATCTTAG
YNR035C,
YNR036C,CAATGCTGGTGAAGTCTT
YNR037C,CGACTAGGGACAGTTCTTG
YNR038W,
YNR039C,GCACGTCCCAGATTCGTTA
YNR040W,
YNR041C,
YNR042W,
YNR043W,
YNR044W,
YNR045W,
YNR046W,GCATCGAGAGTGGCAAACG
YNR047W,
YNR048W,
YNR049C,
YNR050C,
YNR051C,
YNR052C,
YNR053C,
YNR054C,ATCCAGAGGGTTGAATCG
YNR055C,
YNR056C,
YNR057C,
YNR058W,CCCGTACTAGCATTTAATC
YNR059W,
YNR060W,
YNR061C,
YNR062C,
YNR063W,
YNR064C,ATTGGCAGACGCCCATCG
YNR065C,
YNR066C,
YNR067C,
YNR068C,TAGGACGAGTCACTGCATCC
YNR069C,
YNR070W,
YNR071C,
YNR072W,
YNR073C,
YNR074C,AACCTATGGACACGTCGG
YNR075W,AATTTCACGTACCGGTCGG
YOL001W,
YOL002C,GACAGGAGCATATTGTAC
YOL003C,
YOL004W,
YOL005C,
YOL006C,
YOL007C,
YOL008W,
YOL009C,ATGAACAGTGCATGAAGTG
YOL010W,
YOL011W,
YOL012C,
YOL013C,
YOL013W-A,
YOL014W,
YOL015W,TGCATAAGCATTATGGAG
YOL016C,
YOL017W,
YOL018C,
YOL019W,
YOL020W,
YOL021C,
YOL022C,GGAGACTCTTGCACATTAT
YOL023W,
YOL024W,
YOL025W,
YOL026C,
YOL027C,TGCACACGCTCAGTAGTTG
YOL028C,
YOL029C,
YOL030W,
YOL031C,
YOL032W,
YOL033W,
YOL034W,
YOL035C,
YOL036W,
YOL037C,
YOL038W,
YOL039W,
YOL040C,ATGGTGTAAATCTCCTGA
YOL041C,
YOL042W,ATCATTACAACACGCTGA
YOL043C,
YOL044W,CTGCGAGAGACACAAGGTA
YOL045W,
YOL046C,ACAGCACTGAATGACGGTA
YOL047C,
YOL048C,
YOL049W,ATGGCACGAAGCTATTAC
YOL050C,
YOL051W,
YOL052C,TAGTACGGAAGATGTAGC
YOL053C-A,
YOL053W,
YOL054W,GACACCTGAATTTGTAGC
YOL055C,TAGGTCATCACACGCAGTC
YOL056W,
YOL057W,TCCTAGTACACAGCGAGTG
YOL058W,
YOL059W,ATCCGCAGCAGACTGGAG
YOL060C,
YOL061W,
YOL062C,
YOL063C,
YOL064C,AGTGAGCGCATCGTGTCG
YOL065C,
YOL066C,
YOL067C,
YOL068C,
YOL069W,
YOL070C,
YOL071W,
YOL072W,
YOL075C,GTCATCATCCTCATGCGTT
YOL076W,
YOL077C,TGAGCGCCTCGCATCTAT
YOL078W,
YOL079W,
YOL080C,
YOL081W,
YOL082W,
YOL083W,ATATCTTGCTCACGGCGCG
YOL084W,
YOL085C,
YOL086C,
YOL087C,TATTCAGATAACCCGGTCGG
YOL088C,
YOL089C,
YOL090W,
YOL091W,
YOL092W,
YOL093W,CAATAGTTATGCAGGTTCGG
YOL094C,CCAACTGGCTGTAATTTGG
YOL095C,
YOL096C,CTTGGTAATGACGTTTCGG
YOL097C,AAACTGAGCTGACCTAGGG
YOL098C,
YOL099C,
YOL100W,
YOL101C,
YOL102C,
YOL103W,
YOL104C,
YOL105C,
YOL106W,TTCATCCACCGAGATCAGGG
YOL107W,
YOL108C,
YOL109W,
YOL110W,
YOL111C,
YOL112W,
YOL113W,CTTCATTCAGGATCAGAGG
YOL114C,
YOL115W,
YOL116W,
YOL117W,
YOL118C,ATCTATATCTCAGGGAGGG
YOL119C,
YOL120C,TTCACCGGCATTGAAGG
YOL121C,
YOL122C,
YOL123W,
YOL124C,
YOL125W,CGACGTTCAGCATACTAGAG
YOL126C,
YOL127W,
YOL128C,
YOL129W,
YOL130W,
YOL131W,
YOL132W,
YOL133W,
YOL134C,
YOL135C,
YOL136C,
YOL137W,
YOL138C,
YOL139C,
YOL141W,
YOL143C,
YOL144W,
YOL146W,
YOL147C,
YOL148C,TGACTTCGCACTAGCGTG
YOL149W,
YOL150C,
YOL151W,
YOL152W,
YOL153C,
YOL155C,
YOL158C,
YOL159C,ACTAATCCAGCAGTAGACAG
YOL160W,
YOL162W,TAGTGTCCACCATGTCTGG
YOL163W,
YOL166C,
YOR001W,
YOR002W,
YOR003W,
YOR004W,
YOR005C,
YOR006C,
YOR007C,
YOR008C,CTCAGGAGGAAGAATGTA
YOR008C-A,
YOR009W,
YOR010C,
YOR011W,
YOR012W,
YOR013W,
YOR014W,
YOR015W,
YOR016C,TTATCAGACATCGCACGC
YOR017W,GAGAGATAGCCACCACGC
YOR018W,
YOR019W,
YOR020C,
YOR021C,TAACAGGTCAATTAGGTGC
YOR022C,
YOR023C,
YOR024W,
YOR025W,
YOR026W,CAGCGATGACTATATCTGG
YOR027W,
YOR028C,
YOR029W,
YOR030W,
YOR031W,
YOR032C,
YOR033C,
YOR034C,
YOR035C,
YOR036W,
YOR037W,
YOR038C,
YOR039W,
YOR040W,
YOR041C,TCATCGGTGCATCGCGTAT
YOR042W,
YOR043W,
YOR044W,
YOR045W,
YOR046C,
YOR047C,
YOR048C,
YOR049C,
YOR050C,
YOR051C,
YOR052C,
YOR053W,
YOR054C,
YOR055W,
YOR056C,
YOR057W,CAGCCTGTTAAATCTCTGA
YOR058C,
YOR059C,
YOR060C,
YOR061W,
YOR062C,
YOR063W,
YOR064C,
YOR065W,
YOR066W,TTAGCACATACATAGACC
YOR067C,
YOR068C,
YOR069W,
YOR070C,
YOR071C,
YOR072W,
YOR073W,
YOR074C,
YOR075W,
YOR076C,
YOR077W,
YOR078W,
YOR079C,
YOR080W,
YOR081C,
YOR082C,
YOR083W,
YOR084W,
YOR085W,
YOR086C,
YOR087W,
YOR088W,
YOR089C,
YOR090C,
YOR091W,
YOR092W,GCAGCTATGCTCATGTAC
YOR093C,
YOR094W,TGAGCCAGCGCACCTGTAT
YOR095C,
YOR096W,GCTATGAGGATTGCTCGT
YOR097C,
YOR098C,
YOR099W,
YOR100C,GGAAGTGGTCTCAATGCC
YOR101W,
YOR102W,
YOR103C,
YOR104W,
YOR105W,
YOR106W,ACTGTCTATACATGCGC
YOR107W,
YOR108W,
YOR109W,
YOR110W,
YOR111W,GCACAGGTTATGAATCTC
YOR112W,
YOR113W,GAGCCTATAACTCATCTC
YOR114W,AGTGGACCCAGTCATCTC
YOR115C,
YOR116C,
YOR117W,
YOR118W,
YOR119C,
YOR120W,ATTCTATCACGAGCGGCAC
YOR121C,
YOR122C,
YOR123C,
YOR124C,
YOR125C,
YOR126C,TACCTCAGTCGCAGAGA
YOR127W,
YOR128C,TTCATTGACACTGATCTG
YOR129C,
YOR130C,
YOR131C,
YOR132W,
YOR133W,
YOR134W,ATCTCTGGACTGAGTGGCAT
YOR135C,
YOR136W,CTATTGAGGCGGACAGCT
YOR137C,
YOR138C,TTATGCGCGACGCCAGCT
YOR139C,
YOR140W,AGATGGCTGCTCCTCAGATT
YOR141C,
YOR142W,
YOR143C,
YOR144C,GCATCACCCAATGGTCAGA
YOR145C,
YOR146W,
YOR147W,GCCTAACGAGCAAGTCC
YOR148C,ATGGCAGCAAGCAGCATA
YOR149C,
YOR150W,GCCATGAGCAACACGCATA
YOR151C,
YOR152C,AAATGACTCAAGTGGAAC
YOR153W,
YOR154W,
YOR155C,
YOR156C,
YOR157C,
YOR158W,
YOR159C,
YOR160W,
YOR161C,
YOR162C,
YOR163W,CGCATGTGGAATCTGTTC
YOR164C,
YOR165W,
YOR166C,
YOR167C,TAGAGCCTGCCCAGTATCT
YOR168W,
YOR169C,
YOR170W,ATCAGCTCAGGAGTCTG
YOR171C,CTTCATGGACGATGTGGCA
YOR172W,
YOR173W,
YOR174W,
YOR175C,
YOR176W,
YOR177C,
YOR178C,ATCACTGGCGAGAGAGCT
YOR179C,
YOR180C,
YOR181W,CGCTGATAGTTGCTGGATT
YOR182C,AGCCTGGGTCACATGATT
YOR183W,
YOR184W,
YOR185C,
YOR186W,CGGCGATCAACAGAGAGA
YOR187W,GAGATCTACGCAATCGCATA
YOR188W,
YOR189W,
YOR190W,
YOR191W,CTCGCGAGAAGACTGCATAAC
YOR192C,
YOR193W,
YOR194C,
YOR195W,
YOR196C,
YOR197W,
YOR198C,
YOR199W,
YOR200W,
YOR201C,
YOR202W,
YOR203W,
YOR204W,
YOR205C,
YOR206W,
YOR207C,
YOR208W,
YOR209C,
YOR210W,
YOR211C,
YOR212W,
YOR213C,
YOR214C,
YOR215C,
YOR216C,
YOR217W,
YOR218C,
YOR219C,
YOR220W,
YOR221C,
YOR222W,
YOR223W,
YOR224C,GATATTTCAAGAGATCCC
YOR225W,
YOR226C,
YOR227W,ATGTAATATAACTACAGCC
YOR228C,
YOR229W,
YOR230W,
YOR231W,
YOR232W,
YOR233W,
YOR234C,
YOR235W,GATATTCGTCAATCGGGCC
YOR236W,GGAGCATTCAACTCTGGCC
YOR237W,
YOR238W,
YOR239W,
YOR240W,
YOR241W,AGCGATAACAGGTAATCC
YOR242C,
YOR243C,
YOR244W,
YOR245C,
YOR246C,
YOR247W,
YOR248W,TGACCTCTAACATTGTCC
YOR249C,
YOR250C,GAGCCCATAATCTATTCC
YOR251C,
YOR252W,
YOR253W,
YOR254C,TGTGGCACACCACTTTAAGC
YOR255W,
YOR256C,
YOR257W,
YOR258W,GCCATAACTAATGAGAGC
YOR259C,AGGTAACTGAATCTAGC
YOR260W,
YOR261C,
YOR262W,
YOR263C,GATAGTCAGGGAATCCTAGC
YOR264W,CACACAGCTAAGTAACGC
YOR265W,
YOR266W,
YOR267C,
YOR268C,GACAGCACGTAATTGACCGT
YOR269W,GTGAGACATATACCTCCGC
YOR270C,
YOR271C,
YOR272W,
YOR273C,TAGATTCCCAGCTTTCGC
YOR274W,
YOR275C,
YOR276W,
YOR277C,TACTACGACATCTAGGGC
YOR278W,
YOR279C,
YOR280C,
YOR281C,
YOR282W,
YOR283W,GCCGTACACTAATCTATTG
YOR284W,
YOR285W,
YOR286W,
YOR287C,CAGCGAGTAATTTCTTGC
YOR288C,GATAGTCACCCAGACGTTG
YOR289W,
YOR290C,
YOR291W,
YOR292C,
YOR293W,
YOR294W,TGATCACATCACTCGATAGC
YOR295W,
YOR296W,
YOR297C,
YOR298C-A,
YOR298C-A,ACCTACGTGGCATTCTAGTG
YOR298W,GCATCATAACGAGGGATCTGC
YOR299W,
YOR300W,
YOR301W,
YOR302W,
YOR302W,
YOR303W,
YOR303W,
YOR304C-A,
YOR304W,ATAGCTGTCACACTTGCCG
YOR305W,CAAGCAGGAGTGACATCTC
YOR306C,
YOR307C,
YOR308C,AATGGTGACGCACGCCTTG
YOR309C,
YOR310C,
YOR311C,
YOR312C,
YOR313C,
YOR314W,
YOR315W,
YOR316C,
YOR317W,
YOR318C,
YOR319W,
YOR320C,
YOR321W,
YOR322C,
YOR323C,
YOR324C,
YOR325W,
YOR326W,
YOR327C,
YOR328W,
YOR329C,
YOR330C,
YOR331C,GCGCATTAACAGCTTATCA
YOR332W,
YOR333C,GACACCCGCCAATTATATA
YOR334W,
YOR335C,
YOR336W,
YOR337W,CAAGCATCGCAAGTTAGTA
YOR338W,
YOR339C,
YOR340C,
YOR341W,
YOR342C,
YOR343C,
YOR344C,
YOR345C,
YOR346W,
YOR347C,GAGCCAGGAACCTCTAGC
YOR348C,
YOR349W,
YOR350C,
YOR351C,
YOR352W,
YOR353C,
YOR354C,
YOR355W,
YOR356W,
YOR357C,
YOR358W,
YOR359W,
YOR360C,GAGTCGGCTACTGCTATG
YOR361C,TCATGCAGCCAGTGCTATG
YOR362C,
YOR363C,
YOR364W,
YOR364W,
YOR365C,
YOR366W,CGCTACTGCACTATCTTG
YOR367W,CTCATGCGTACCGACTAT
YOR368W,
YOR369C,
YOR370C,
YOR371C,
YOR372C,
YOR373W,
YOR374W,
YOR375C,
YOR376W,CCGCATGAGAAAGTCGCA
YOR377W,GCATCTCAGAATTCGGCACA
YOR378W,
YOR379C,
YOR380W,
YOR381W,CATGACTAAAGCCACTCA
YOR382W,
YOR383C,
YOR384W,
YOR385W,
YOR386W,GCTACGGCAAAGATCCTCA
YPL001W,
YPL002C,
YPL003W,
YPL004C,
YPL005W,TGACGTACACGAGCTAC
YPL006W,
YPL007C,CAGAGCAGTTGAGTAACG
YPL008W,TGGACCATTGGCGATAACG
YPL009C,
YPL010W,
YPL011C,
YPL012W,
YPL013C,
YPL014W,
YPL015C,
YPL016W,
YPL017C,
YPL017C,TATACCTGACCAGTGCGGA
YPL018W,
YPL019C,TGACCAACAGTCTAACCGAG
YPL020C,
YPL021W,TGGCGACATTCTTGAACAG
YPL022W,
YPL023C,
YPL024W,
YPL025C,TTTCCAGCCAGGGTGTAG
YPL026C,TACATCACCGTATGTGGCAG
YPL027W,
YPL028W,
YPL029W,GCGGTCACCATTACGCAG
YPL030W,
YPL031C,
YPL032C,TGAGATCGCTAACACCCAG
YPL033C,
YPL034W,
YPL035C,
YPL036W,
YPL037C,TATTTACAGAGGCCAGGAAG
YPL038W,
YPL039W,
YPL040C,
YPL041C,GCACCGACTACAGTGTTC
YPL042C,
YPL043W,TAGAAGCGGCACGTTCTTC
YPL044C,
YPL045W,TGGATCTCGACTAACTTC
YPL046C,
YPL047W,TAGCTGGTAACAGTGGTTC
YPL048W,TTTAGCGCCACATGGCTTC
YPL049C,TATAGTGGAGGACAGACTTC
YPL050C,TAGAGATTCCGACACACTT
YPL051W,TACAGGGTCATAAGCGTGT
YPL052W,
YPL053C,TCTCACTACCAGGTGGGTC
YPL054W,
YPL055C,TAATGAGCCTGACGACGGTC
YPL056C,
YPL057C,
YPL058C,TGCTGTAACCCAGAGCGTC
YPL059W,
YPL060W,
YPL061W,
YPL062W,
YPL063W,
YPL064C,
YPL065W,
YPL066W,
YPL067C,
YPL068C,
YPL069C,TGACCCAGACCAGTTAGGC
YPL070W,
YPL071C,
YPL072W,
YPL073C,TTTTGACCACCCGAATATGC
YPL074W,AATCACTAACCACTGTTGGC
YPL075W,
YPL076W,TTTTAGACCAGAGGTGCC
YPL077C,TATAGTAACGAAGCTCTGGC
YPL078C,
YPL078C,TAATCGCTGGAAAACTGGC
YPL079W,GTAGTCCACTTTCGGGC
YPL080C,
YPL081W,
YPL082C,TAAGAGCAGATAATCGGC
YPL083C,
YPL084W,
YPL085W,
YPL086C,
YPL087W,
YPL088W,GGTAATGACACTGAAGGC
YPL089C,
YPL090C,ATGAAGCAGAGGTAATTCC
YPL091W,
YPL092W,
YPL093W,
YPL094C,
YPL095C,
YPL096W,
YPL097W,
YPL098C,
YPL099C,
YPL100W,
YPL101W,
YPL102C,
YPL103C,
YPL104W,
YPL105C,
YPL106C,
YPL107W,
YPL108W,AAGACGCACTAAGCATTTG
YPL109C,
YPL110C,
YPL111W,
YPL112C,
YPL113C,TATATATGACACCACAGCC
YPL114W,AGCACCAGCGAAGTAAGCC
YPL115C,
YPL116W,GAGATCATGCCATCAAGCC
YPL117C,
YPL118W,
YPL119C,CCACAAGGGCAATTCGCTTA
YPL120W,
YPL121C,CCGTGGCAAGAATCTATTCA
YPL122C,CCGCCGAACATAAGATATTGA
YPL123C,
YPL124W,
YPL125W,
YPL126W,
YPL127C,GACCAAGAACTCGATTCA
YPL128C,
YPL129W,
YPL130W,
YPL131W,
YPL132W,
YPL133C,
YPL134C,CATTCCGGGATAGCTGATT
YPL135W,TCCGCGATGTAGACTGATGT
YPL136W,
YPL137C,
YPL138C,
YPL139C,
YPL140C,
YPL141C,
YPL142C,CTAGATACGTTCGCAACAT
YPL143W,
YPL144W,
YPL145C,
YPL146C,
YPL147W,
YPL148C,
YPL149W,
YPL150W,
YPL151C,
YPL152W,
YPL153C,
YPL154C,
YPL155C,
YPL156C,
YPL157W,GCATCCTAAACTGGTGTC
YPL158C,CACTATTCCTAGGAGGGTG
YPL159C,
YPL160W,ATGTACGCAGACCAGTGC
YPL161C,
YPL162C,
YPL163C,
YPL164C,
YPL165C,
YPL166W,
YPL167C,
YPL168W,
YPL169C,
YPL170W,
YPL171C,
YPL172C,
YPL173W,
YPL174C,
YPL175W,
YPL176C,
YPL177C,
YPL178W,
YPL179W,
YPL180W,
YPL181W,ATCCATGCCAACCATTGA
YPL182C,
YPL183C,
YPL183W-A,
YPL183W-A,TTCAGATACGACCGGGTG
YPL184C,
YPL185W,
YPL186C,
YPL187W,
YPL188W,
YPL189W,
YPL189W,
YPL190C,
YPL191C,
YPL192C,GCTGCGATCAAAGCACTCA
YPL193W,
YPL194W,CCTCTTCGTACAGTTGGGT
YPL194W,
YPL195W,
YPL196W,
YPL197C,
YPL198W,
YPL199C,
YPL200W,
YPL201C,
YPL202C,ATCATGAGTCAGATCGGTG
YPL203W,
YPL204W,
YPL205C,
YPL206C,
YPL207W,
YPL208W,ATTAGAGCGCAGCACCATG
YPL209C,
YPL210C,
YPL211W,
YPL212C,
YPL213W,
YPL214C,
YPL215W,
YPL216W,
YPL217C,
YPL218W,GAGATATCCACACGATGTC
YPL219W,
YPL220W,
YPL221W,
YPL222W,TGAATGCGCGTGAAGCACTT
YPL223C,
YPL224C,
YPL225W,
YPL226W,
YPL227C,
YPL228W,AACAGCCTGGAAGTATTGGC
YPL229W,
YPL230W,
YPL231W,
YPL232W,
YPL233W,
YPL234C,
YPL235W,
YPL236C,
YPL237W,
YPL238C,
YPL239W,
YPL240C,TGATATAGCCAACGCGACTA
YPL241C,
YPL242C,
YPL243W,
YPL244C,
YPL245W,CATGACAACAGATCCGA
YPL246C,
YPL247C,GCGACAATCCAATTTACGA
YPL248C,
YPL249C,
YPL250C,TTTCGCGGCAGAAAGATCA
YPL251W,
YPL252C,
YPL253C,
YPL254W,
YPL255W,
YPL256C,
YPL257W,
YPL258C,
YPL259C,
YPL260W,
YPL261C,
YPL262W,
YPL263C,CTCTAACCGGCAGTCAGGTG
YPL264C,
YPL265W,ACTTGCGAGCTGAGTACATG
YPL266W,
YPL267W,
YPL268W,
YPL269W,
YPL270W,
YPL271W,
YPL272C,GACTCAGCCAGATGCCAG
YPL273W,
YPL274W,
YPR001W,
YPR002W,TCGAGGGGTTACATACG
YPR003C,
YPR004C,TAGAGCTACGCAGACTTC
YPR005C,GATTGCGACAGTCACCCG
YPR006C,
YPR007C,
YPR008W,AACAGATAGTTGAACGGTC
YPR009W,
YPR010C,
YPR011C,TTATCCTCGACGACCTGGT
YPR012W,
YPR013C,GACAGAAACCAGCCTGGTC
YPR014C,
YPR015C,
YPR016C,
YPR017C,
YPR018W,
YPR019W,
YPR020W,
YPR021C,
YPR022C,
YPR023C,
YPR024W,
YPR025C,
YPR026W,
YPR027C,
YPR028W,
YPR029C,
YPR030W,
YPR031W,TATATCGCACCAGGGCTTC
YPR032W,
YPR033C,
YPR034W,
YPR035W,
YPR036W,
YPR037C,
YPR038W,
YPR039W,
YPR040W,
YPR041W,
YPR042C,
YPR043W,
YPR044C,GACCCCTAGATATTTGTC
YPR045C,
YPR046W,
YPR047W,
YPR048W,
YPR049C,
YPR050C,
YPR051W,
YPR052C,
YPR053C,
YPR054W,CGACCTAATCTGTAATTC
YPR055W,
YPR056W,
YPR057W,
YPR058W,
YPR059C,
YPR060C,
YPR061C,
YPR062W,ATCAGGTGGTCGAAGCATTC
YPR063C,
YPR064W,
YPR065W,TGACATAGCAGATGGCATTC
YPR066W,
YPR067W,
YPR068C,
YPR069C,GCGTACCTAAGATCAGACTC
YPR070W,
YPR071W,
YPR072W,
YPR073C,
YPR074C,
YPR075C,TTGGGACCCACTGCCATATTC
YPR076W,
YPR077C,
YPR078C,AGCTCGATCAAGCGTATTC
YPR079W,
YPR082C,
YPR083W,
YPR084W,
YPR085C,
YPR086W,TACGGTCTTTAATAGTGGTG
YPR087W,
YPR088C,
YPR089W,GTATCACATCGACGTACTT
YPR090W,
YPR091C,
YPR092W,
YPR093C,
YPR094W,CCGATATAGTAACCCTTC
YPR095C,
YPR096C,ATTGTCCACATGGCCTTC
YPR097W,
YPR098C,
YPR099C,
YPR100W,GGATCTACAGCATCAGCTT
YPR101W,
YPR103W,
YPR104C,
YPR105C,
YPR106W,
YPR107C,
YPR108W,GGTGATCGTCACTCTCCAAG
YPR109W,TCACGAGTATTACTTCCAAG
YPR110C,
YPR111W,CCGACAGCATCTATAGCAAG
YPR112C,
YPR113W,
YPR114W,
YPR115W,
YPR116W,
YPR117W,
YPR118W,TTCCCGCCGATCAGTTGGTG
YPR119W,TCGCATACCAGTTCATCAAG
YPR120C,
YPR121W,
YPR122W,AAAAGTACACCGCCGTAAG
YPR123C,
YPR124W,
YPR125W,
YPR126C,
YPR127W,
YPR128C,
YPR129W,
YPR130C,
YPR131C,
YPR132W,CTTGACCACATCCAGAG
YPR133C,
YPR133W-A,
YPR134W,GTCTGACTAGCCACGAAG
YPR135W,
YPR136C,AGCACCATTTGTACGAAG
YPR137W,CACTCGTAACTATATCGAAG
YPR138C,
YPR139C,
YPR140W,
YPR141C,
YPR142C,
YPR143W,
YPR144C,
YPR145W,
YPR146C,CTTCTCCCAGCGGAGGAAG
YPR147C,GTTTCACCAGTCCACGGAG
YPR148C,TTATCCTAAGTGGACGGAAG
YPR149W,
YPR150W,
YPR151C,
YPR152C,
YPR153W,ACCACGGACTGCATCGGAAG
YPR154W,TTTCTAACAGGTGTTGGAAG
YPR155C,
YPR156C,
YPR157W,
YPR158W,
YPR159W,
YPR160W,
YPR161C,CAAACCCAATGCCGGTGCAG
YPR162C,
YPR163C,AGACATCTCAGATTGTGA
YPR164W,
YPR165W,
YPR166C,
YPR167C,
YPR168W,
YPR169W,
YPR170C,
YPR171W,
YPR172W,
YPR173C,
YPR174C,
YPR175W,GCCATTACAGAGGCGATAG
YPR176C,
YPR177C,
YPR178W,
YPR179C,
YPR180W,
YPR181C,CACGAGGTCTCACTAAG
YPR182W,
YPR183W,
YPR184W,
YPR185W,
YPR186C,
YPR187W,AGTTACCACCGGCCTAAG
YPR188C,
YPR189W,
YPR190C,
YPR191W,
YPR192W,
YPR193C,GTCATAACGACGGCCGTACG
YPR194C,
YPR195C,
YPR196W,ATAGGCGGACCACCTCTAA
YPR197C,ATGGCGATAAGCTTTAAG
YPR198W,CTGACACCAGGCCGTCTAAG
YPR199C,
YPR200C,ATGTCGCATCAGCCAGTAAG
YPR201W,